face,eye1,eye2,nose,mouth,name,box,tag
,,,,,,,
-0.17453292,-0.702969642,-0.713450693,-0.785821004,-0.741100512,dataset/images/maksssksksss10.png,"[81, 248, 126, 126]",1
,,,,,,,
0.20260529,-0.294915565,-0.713450693,-0.785821004,-0.741100512,dataset/images/maksssksksss100.png,"[183, 19, 67, 67]",1
,,,,,,,
-0.248236616,0.039390124,-0.713450693,-0.785821004,-0.741100512,dataset/images/maksssksksss103.png,"[253, 79, 53, 53]",1
,,,,,,,
-0.33683073,-0.702969642,-0.713450693,-0.766828937,-0.741100512,dataset/images/maksssksksss103.png,"[286, 221, 60, 60]",1
,,,,,,,
0.087259896,0.466652573,-0.713450693,-0.785821004,-0.741100512,dataset/images/maksssksksss107.png,"[112, 172, 114, 114]",1
,,,,,,,
-0.599793106,-0.702969642,-0.713450693,-0.785821004,-0.741100512,dataset/images/maksssksksss109.png,"[275, 46, 83, 83]",1
,,,,,,,
-0.726296523,-0.702969642,-0.713450693,-0.785821004,-0.741100512,dataset/images/maksssksksss109.png,"[273, 157, 83, 83]",1
,,,,,,,
0.1301533,-0.15053067,-0.228489734,-0.785821004,-0.741100512,dataset/images/maksssksksss113.png,"[178, 83, 89, 89]",1
,,,,,,,
-0.004264831,-0.271076618,-0.713450693,-0.785821004,-0.40038087,dataset/images/maksssksksss114.png,"[9, 84, 73, 73]",0
,,,,,,,
-0.482451006,-0.702969642,-0.713450693,-0.785821004,-0.741100512,dataset/images/maksssksksss116.png,"[300, 56, 45, 45]",1
,,,,,,,
-0.299550168,-0.702969642,-0.713450693,-0.785821004,-0.741100512,dataset/images/maksssksksss120.png,"[171, 245, 121, 121]",0
,,,,,,,
-0.272232802,-0.702969642,-0.713450693,-0.785821004,-0.741100512,dataset/images/maksssksksss121.png,"[11, 43, 30, 30]",0
,,,,,,,
0.147218474,-0.702969642,-0.713450693,-0.785821004,-0.741100512,dataset/images/maksssksksss121.png,"[89, 34, 35, 35]",0
,,,,,,,
-0.517079197,-0.702969642,-0.713450693,-0.785821004,-0.741100512,dataset/images/maksssksksss121.png,"[301, 56, 28, 28]",0
,,,,,,,
-0.431540991,-0.702969642,-0.713450693,-0.785821004,-0.741100512,dataset/images/maksssksksss121.png,"[342, 68, 27, 27]",0
,,,,,,,
-0.164235243,-0.702969642,-0.713450693,-0.785821004,-0.741100512,dataset/images/maksssksksss121.png,"[176, 49, 32, 32]",0
,,,,,,,
0.481196046,-0.233947062,0.041759238,-0.785821004,-0.741100512,dataset/images/maksssksksss123.png,"[89, 76, 124, 124]",1
,,,,,,,
0.028527515,-0.112968526,-0.310892328,-0.785821004,-0.741100512,dataset/images/maksssksksss125.png,"[103, 132, 116, 116]",0
,,,,,,,
-0.601679024,-0.702969642,-0.713450693,-0.785821004,-0.741100512,dataset/images/maksssksksss128.png,"[182, 219, 87, 87]",0
,,,,,,,
0.511944087,0.519213532,0.847901002,0.109866334,0.170851489,dataset/images/maksssksksss128.png,"[78, 154, 133, 133]",0
,,,,,,,
-0.682130696,-0.702969642,-0.713450693,-0.785821004,-0.741100512,dataset/images/maksssksksss129.png,"[231, 138, 86, 86]",0
,,,,,,,
-0.775379334,-0.702969642,-0.713450693,-0.785821004,-0.741100512,dataset/images/maksssksksss129.png,"[244, 38, 29, 29]",1
,,,,,,,
-0.596926541,-0.702969642,-0.713450693,-0.785821004,-0.741100512,dataset/images/maksssksksss129.png,"[319, 235, 50, 50]",0
,,,,,,,
-0.398976355,-0.702969642,-0.713450693,-0.785821004,-0.741100512,dataset/images/maksssksksss133.png,"[50, 229, 54, 54]",0
,,,,,,,
-0.233652756,0.056607245,0.037711092,-0.785821004,-0.741100512,dataset/images/maksssksksss135.png,"[140, 57, 136, 136]",1
,,,,,,,
-0.345189852,-0.702969642,-0.713450693,-0.785821004,-0.741100512,dataset/images/maksssksksss136.png,"[97, 39, 91, 91]",1
,,,,,,,
0.110534838,0.57346903,-0.713450693,-0.253764521,-0.741100512,dataset/images/maksssksksss14.png,"[140, 176, 114, 114]",0
,,,,,,,
-0.186450836,-0.702969642,-0.713450693,-0.785821004,-0.741100512,dataset/images/maksssksksss14.png,"[106, 286, 46, 46]",0
,,,,,,,
-0.361513137,-0.702969642,-0.713450693,-0.785821004,-0.741100512,dataset/images/maksssksksss140.png,"[180, 154, 76, 76]",1
,,,,,,,
-0.690689635,-0.702969642,-0.713450693,-0.049256906,-0.741100512,dataset/images/maksssksksss140.png,"[247, 131, 107, 107]",1
,,,,,,,
-0.348872846,-0.702969642,-0.713450693,-0.785821004,-0.741100512,dataset/images/maksssksksss141.png,"[222, 120, 38, 38]",1
,,,,,,,
-0.425821669,-0.702969642,-0.713450693,-0.785821004,-0.741100512,dataset/images/maksssksksss145.png,"[180, 97, 24, 24]",0
,,,,,,,
-0.468610303,-0.702969642,-0.713450693,-0.785821004,-0.741100512,dataset/images/maksssksksss148.png,"[64, 85, 63, 63]",0
,,,,,,,
0.341529915,-0.260314526,-0.469293809,-0.322265774,-0.741100512,dataset/images/maksssksksss148.png,"[323, 68, 72, 72]",0
,,,,,,,
0.16616148,0.258486708,0.233419448,-0.785821004,-0.741100512,dataset/images/maksssksksss150.png,"[46, 113, 127, 127]",1
,,,,,,,
,,,,,,,
,,,,,,,
-0.076456833,-0.702969642,-0.713450693,-0.785821004,-0.741100512,dataset/images/maksssksksss154.png,"[81, 320, 28, 28]",1
,,,,,,,
-0.595359301,0.629528698,0.079865151,-0.785821004,-0.60210779,dataset/images/maksssksksss154.png,"[86, 181, 110, 110]",0
,,,,,,,
-0.493028021,-0.055295914,-0.713450693,-0.785821004,-0.741100512,dataset/images/maksssksksss16.png,"[44, 204, 115, 115]",1
,,,,,,,
-0.182174734,-0.030395021,-0.713450693,-0.875272659,-0.741100512,dataset/images/maksssksksss161.png,"[113, 211, 95, 95]",0
,,,,,,,
0.263132193,0.017115087,-0.092346348,-0.712974605,-0.741100512,dataset/images/maksssksksss162.png,"[77, 163, 121, 121]",1
,,,,,,,
-0.112693711,-0.702969642,-0.713450693,-0.785821004,-0.741100512,dataset/images/maksssksksss164.png,"[152, 35, 27, 27]",0
,,,,,,,
-0.574787403,-0.702969642,-0.713450693,-0.785821004,-0.741100512,dataset/images/maksssksksss164.png,"[103, 33, 34, 34]",0
,,,,,,,
-0.544220596,-0.702969642,-0.713450693,-0.785821004,-0.741100512,dataset/images/maksssksksss173.png,"[178, 53, 60, 60]",0
,,,,,,,
-0.312467413,-0.827183412,-0.298025405,-0.785821004,-0.741100512,dataset/images/maksssksksss175.png,"[107, 48, 66, 66]",1
,,,,,,,
-0.422385111,-0.702969642,-0.713450693,-0.785821004,-0.741100512,dataset/images/maksssksksss176.png,"[124, 50, 37, 37]",1
,,,,,,,
-0.263419748,-0.702969642,-0.713450693,-0.785821004,-0.741100512,dataset/images/maksssksksss176.png,"[216, 34, 53, 53]",1
,,,,,,,
-0.407329055,-0.702969642,-0.713450693,-0.785821004,-0.741100512,dataset/images/maksssksksss177.png,"[146, 135, 54, 54]",1
,,,,,,,
-0.58946684,-0.702969642,-0.713450693,-0.785821004,-0.741100512,dataset/images/maksssksksss177.png,"[133, 52, 66, 66]",0
,,,,,,,
-0.607094168,-0.702969642,-0.713450693,-0.478176182,-0.741100512,dataset/images/maksssksksss179.png,"[17, 183, 60, 60]",0
,,,,,,,
-0.071362353,-0.702969642,-0.713450693,-0.785821004,-0.741100512,dataset/images/maksssksksss179.png,"[88, 48, 26, 26]",0
,,,,,,,
-0.416550949,-0.515105538,-0.713450693,-0.785821004,-0.741100512,dataset/images/maksssksksss180.png,"[38, 157, 133, 133]",1
,,,,,,,
-0.090522743,-0.702969642,-0.713450693,-0.785821004,-0.741100512,dataset/images/maksssksksss181.png,"[265, 34, 45, 45]",0
,,,,,,,
-0.437673042,-0.702969642,-0.713450693,-0.785821004,-0.741100512,dataset/images/maksssksksss182.png,"[101, 7, 73, 73]",0
,,,,,,,
0.242767062,-0.702969642,-0.713450693,-0.785821004,-0.741100512,dataset/images/maksssksksss182.png,"[113, 35, 59, 59]",0
,,,,,,,
-0.130996104,-0.702969642,-0.713450693,-0.785821004,-0.741100512,dataset/images/maksssksksss182.png,"[202, 31, 68, 68]",1
,,,,,,,
-0.539024385,0.050578367,-0.713450693,-0.785821004,-0.741100512,dataset/images/maksssksksss187.png,"[225, 76, 108, 108]",1
,,,,,,,
0.40545864,-0.371914366,-0.713450693,-0.785821004,-0.741100512,dataset/images/maksssksksss188.png,"[87, 182, 125, 125]",1
,,,,,,,
-0.62750839,-0.228386414,-0.182226742,-0.785821004,-0.741100512,dataset/images/maksssksksss190.png,"[126, 58, 97, 97]",1
,,,,,,,
0.21274137,-0.375848501,-0.371870794,-0.785821004,-0.741100512,dataset/images/maksssksksss191.png,"[214, 68, 94, 94]",1
,,,,,,,
-0.776646168,-0.458601863,-0.713450693,-0.785821004,-0.214370567,dataset/images/maksssksksss193.png,"[4, 212, 103, 103]",1
,,,,,,,
-0.5635395,-0.702969642,-0.713450693,-0.785821004,-0.741100512,dataset/images/maksssksksss193.png,"[106, 254, 44, 44]",0
,,,,,,,
-0.386158445,-0.702969642,-0.713450693,-0.785821004,-0.741100512,dataset/images/maksssksksss195.png,"[14, 275, 58, 58]",0
,,,,,,,
-0.246300468,-0.702969642,-0.713450693,-0.785821004,-0.741100512,dataset/images/maksssksksss195.png,"[1, 316, 65, 65]",0
,,,,,,,
-0.334560681,-0.702969642,-0.713450693,-0.785821004,-0.741100512,dataset/images/maksssksksss196.png,"[142, 52, 83, 83]",0
,,,,,,,
-0.932431423,-0.702969642,-0.713450693,-0.785821004,-0.741100512,dataset/images/maksssksksss196.png,"[141, 263, 61, 61]",0
,,,,,,,
-0.466447393,-0.702969642,-0.713450693,-0.785821004,-0.741100512,dataset/images/maksssksksss197.png,"[164, 73, 55, 55]",1
,,,,,,,
-0.478851191,-0.702969642,-0.713450693,-0.785821004,-0.741100512,dataset/images/maksssksksss198.png,"[322, 43, 48, 48]",0
,,,,,,,
-0.124011338,-0.78188225,-0.713450693,-0.785821004,-0.741100512,dataset/images/maksssksksss200.png,"[104, 213, 96, 96]",0
,,,,,,,
-0.213148111,-0.702969642,-0.713450693,-0.785821004,-0.741100512,dataset/images/maksssksksss200.png,"[88, 98, 124, 124]",1
,,,,,,,
-0.38394223,-0.702969642,-0.713450693,-0.785821004,-0.741100512,dataset/images/maksssksksss202.png,"[364, 71, 33, 33]",0
,,,,,,,
-0.220447227,-0.702969642,-0.713450693,-0.785821004,-0.741100512,dataset/images/maksssksksss202.png,"[39, 272, 27, 27]",0
,,,,,,,
0.367026085,0.232612969,0.410074604,-0.785821004,-0.623452678,dataset/images/maksssksksss208.png,"[176, 42, 136, 136]",1
,,,,,,,
-0.769099802,-0.909889765,-0.713450693,-0.785821004,-0.741100512,dataset/images/maksssksksss210.png,"[70, 182, 161, 161]",1
,,,,,,,
0.005276294,0.412098821,-0.135487163,-0.785821004,-0.826019648,dataset/images/maksssksksss211.png,"[122, 7, 167, 167]",1
,,,,,,,
0.453958215,0.067286294,0.002007106,-0.785821004,0.265117615,dataset/images/maksssksksss211.png,"[132, 62, 153, 153]",1
,,,,,,,
-0.228587169,-0.702969642,-0.713450693,-0.785821004,-0.741100512,dataset/images/maksssksksss215.png,"[158, 165, 124, 124]",0
,,,,,,,
-0.026317861,0.149429511,-0.013425266,-0.364536477,-0.741100512,dataset/images/maksssksksss217.png,"[102, 179, 128, 128]",0
,,,,,,,
0.110458514,0.309806823,0.505260196,-0.972796913,0.13010239,dataset/images/maksssksksss218.png,"[122, 201, 139, 139]",0
,,,,,,,
-0.108355058,-0.702969642,-0.713450693,-0.785821004,-0.741100512,dataset/images/maksssksksss219.png,"[215, 127, 73, 73]",0
,,,,,,,
-0.614422846,-0.142473773,-0.713450693,-0.785821004,-0.741100512,dataset/images/maksssksksss22.png,"[222, 203, 55, 55]",0
,,,,,,,
-0.159117019,-0.702969642,-0.713450693,-0.785821004,-0.741100512,dataset/images/maksssksksss220.png,"[108, 49, 55, 55]",1
,,,,,,,
-0.182280893,-0.35840688,0.166286091,-0.785821004,-0.741100512,dataset/images/maksssksksss224.png,"[207, 102, 91, 91]",1
,,,,,,,
-0.49822953,-0.26795052,-0.713450693,-0.785821004,-0.741100512,dataset/images/maksssksksss228.png,"[43, 224, 151, 151]",1
,,,,,,,
-0.266340064,-0.675548169,-0.321495608,-0.785821004,-0.741100512,dataset/images/maksssksksss228.png,"[23, 188, 134, 134]",1
,,,,,,,
-0.597606763,-0.702969642,-0.713450693,-0.785821004,-0.741100512,dataset/images/maksssksksss230.png,"[8, 275, 41, 41]",1
,,,,,,,
-0.415967863,-0.702969642,-0.713450693,-0.785821004,-0.741100512,dataset/images/maksssksksss230.png,"[382, 203, 47, 47]",0
,,,,,,,
-0.661629545,-0.702969642,-0.713450693,-0.785821004,-0.741100512,dataset/images/maksssksksss230.png,"[108, 189, 56, 56]",0
,,,,,,,
-0.229638398,-0.211850338,-0.713450693,-0.785821004,-0.741100512,dataset/images/maksssksksss234.png,"[81, 64, 55, 55]",0
,,,,,,,
-0.46468426,-0.319643945,-0.713450693,-0.785821004,-0.741100512,dataset/images/maksssksksss234.png,"[169, 27, 59, 59]",1
,,,,,,,
-0.358671974,-0.702969642,-0.713450693,-0.785821004,-0.741100512,dataset/images/maksssksksss235.png,"[28, 68, 38, 38]",0
,,,,,,,
0.539117462,-0.219376093,-0.713450693,-0.33570664,-0.640288248,dataset/images/maksssksksss236.png,"[147, 138, 128, 128]",0
,,,,,,,
-0.302338173,-0.702969642,-0.713450693,-0.785821004,-0.741100512,dataset/images/maksssksksss238.png,"[2, 102, 64, 64]",0
,,,,,,,
-0.055449163,0.441931995,0.574695351,-0.861293577,-0.741100512,dataset/images/maksssksksss239.png,"[83, 179, 125, 125]",0
,,,,,,,
-0.338267093,-0.702969642,-0.713450693,-0.785821004,-0.741100512,dataset/images/maksssksksss241.png,"[149, 56, 78, 78]",1
,,,,,,,
0.125624347,-0.220242655,-0.713450693,-0.395067623,-0.371538582,dataset/images/maksssksksss242.png,"[152, 72, 77, 77]",1
,,,,,,,
-0.079131396,0.130372254,-0.444503347,-0.785821004,-0.741100512,dataset/images/maksssksksss243.png,"[89, 70, 144, 144]",1
,,,,,,,
-0.312833848,-0.702969642,-0.713450693,-0.785821004,-0.741100512,dataset/images/maksssksksss244.png,"[166, 57, 62, 62]",1
,,,,,,,
0.137364666,-0.702969642,-0.713450693,-0.785821004,-0.741100512,dataset/images/maksssksksss244.png,"[49, 98, 52, 52]",0
,,,,,,,
0.113158762,0.344266588,-0.166938425,-0.406629487,0.090340482,dataset/images/maksssksksss244.png,"[301, 24, 98, 98]",0
,,,,,,,
-0.485750547,-0.146651691,-0.713450693,-0.785821004,-0.741100512,dataset/images/maksssksksss25.png,"[103, 237, 50, 50]",0
,,,,,,,
-0.459344757,-0.702969642,-0.713450693,-0.785821004,-0.741100512,dataset/images/maksssksksss25.png,"[180, 216, 62, 62]",0
,,,,,,,
0.303183733,-0.702969642,-0.713450693,-0.785821004,-0.741100512,dataset/images/maksssksksss254.png,"[315, 37, 68, 68]",1
,,,,,,,
-0.531949632,-0.702969642,-0.713450693,-0.785821004,-0.741100512,dataset/images/maksssksksss254.png,"[159, 34, 89, 89]",1
,,,,,,,
-0.320633469,-0.702969642,-0.713450693,-0.785821004,-0.741100512,dataset/images/maksssksksss259.png,"[182, 31, 46, 46]",0
,,,,,,,
0.157211152,-0.141307446,-0.098602949,-0.785821004,-0.741100512,dataset/images/maksssksksss262.png,"[134, 156, 149, 149]",1
,,,,,,,
-0.004885055,-0.702969642,-0.713450693,-0.785821004,-0.741100512,dataset/images/maksssksksss263.png,"[35, 156, 52, 52]",0
,,,,,,,
-0.186936707,0.291390416,0.128344733,-0.785821004,-0.741100512,dataset/images/maksssksksss266.png,"[59, 173, 138, 138]",1
,,,,,,,
-0.792259625,-0.702969642,-0.713450693,-0.785821004,-0.741100512,dataset/images/maksssksksss267.png,"[52, 52, 70, 70]",0
,,,,,,,
-0.538675968,-0.702969642,-0.713450693,-0.785821004,-0.741100512,dataset/images/maksssksksss267.png,"[270, 111, 25, 25]",1
,,,,,,,
-0.516109011,-0.702969642,-0.713450693,-0.785821004,-0.741100512,dataset/images/maksssksksss268.png,"[53, 228, 70, 70]",0
,,,,,,,
,,,,,,,
,,,,,,,
,,,,,,,
,,,,,,,
0.052955436,-0.702969642,-0.713450693,-0.785821004,-0.741100512,dataset/images/maksssksksss269.png,"[261, 74, 130, 130]",1
,,,,,,,
0.21369996,-0.161634541,-0.038373354,-0.785821004,-0.741100512,dataset/images/maksssksksss269.png,"[55, 37, 205, 205]",1
,,,,,,,
-0.101531052,-0.429554679,0.013067504,-0.785821004,-0.741100512,dataset/images/maksssksksss27.png,"[155, 63, 115, 115]",1
,,,,,,,
-0.234860563,-0.702969642,-0.713450693,-0.785821004,-0.741100512,dataset/images/maksssksksss270.png,"[69, 82, 32, 32]",1
,,,,,,,
-0.326225093,-0.104566432,-0.713450693,-0.785821004,-0.741100512,dataset/images/maksssksksss270.png,"[168, 78, 39, 39]",1
,,,,,,,
-0.753887354,-0.702969642,-0.713450693,-0.785821004,-0.741100512,dataset/images/maksssksksss270.png,"[251, 21, 54, 54]",1
,,,,,,,
0.134134763,-0.423271735,0.157141976,-0.785821004,-0.097432412,dataset/images/maksssksksss271.png,"[69, 142, 160, 160]",1
,,,,,,,
-0.086134563,0.109061777,0.018448625,-0.785821004,-0.605083556,dataset/images/maksssksksss273.png,"[171, 176, 89, 89]",0
,,,,,,,
-0.765714589,-0.022943918,-0.201063017,-0.785821004,-0.741100512,dataset/images/maksssksksss273.png,"[67, 130, 138, 138]",1
,,,,,,,
0.278255318,-0.874102493,-0.585714504,-0.785821004,-0.741100512,dataset/images/maksssksksss274.png,"[221, 56, 92, 92]",1
,,,,,,,
-0.561666814,-0.702969642,-0.713450693,-0.785821004,-0.741100512,dataset/images/maksssksksss275.png,"[226, 127, 32, 32]",0
,,,,,,,
-0.365381134,-0.702969642,-0.713450693,-0.785821004,-0.741100512,dataset/images/maksssksksss275.png,"[156, 123, 35, 35]",0
,,,,,,,
-0.388119701,-0.073343297,-0.124168295,-0.469155951,-0.338236529,dataset/images/maksssksksss276.png,"[102, 16, 122, 122]",1
,,,,,,,
-0.669589332,-0.702969642,-0.713450693,-0.785821004,-0.741100512,dataset/images/maksssksksss276.png,"[163, 329, 47, 47]",1
,,,,,,,
-0.694848151,-0.702969642,-0.713450693,-0.785821004,-0.741100512,dataset/images/maksssksksss276.png,"[264, 100, 57, 57]",0
,,,,,,,
-0.283856193,-0.386549378,-0.713450693,-0.785821004,-0.741100512,dataset/images/maksssksksss277.png,"[165, 82, 84, 84]",0
,,,,,,,
-1,-0.702969642,-0.713450693,-0.785821004,-0.741100512,dataset/images/maksssksksss277.png,"[123, 89, 25, 25]",0
,,,,,,,
-0.131141233,-0.702969642,-0.713450693,-0.785821004,-0.741100512,dataset/images/maksssksksss278.png,"[187, 123, 62, 62]",0
,,,,,,,
-0.693190217,-0.702969642,-0.713450693,-0.785821004,-0.741100512,dataset/images/maksssksksss283.png,"[141, 268, 26, 26]",0
,,,,,,,
-0.603904016,0.274354105,0.387311992,-0.609101441,-0.899276885,dataset/images/maksssksksss285.png,"[39, 58, 196, 196]",1
,,,,,,,
-0.569322448,-0.702969642,-0.713450693,-0.785821004,-0.741100512,dataset/images/maksssksksss286.png,"[58, 146, 51, 51]",0
,,,,,,,
-0.499851042,-0.702969642,-0.713450693,-0.785821004,-0.741100512,dataset/images/maksssksksss286.png,"[27, 188, 29, 29]",0
,,,,,,,
0.28237712,-0.262955173,0.328585644,-0.785821004,-0.741100512,dataset/images/maksssksksss287.png,"[238, 102, 138, 138]",1
,,,,,,,
-0.50452568,-0.262955173,-0.713450693,-0.785821004,-0.741100512,dataset/images/maksssksksss287.png,"[199, 112, 114, 114]",1
,,,,,,,
-0.20549375,-0.046463631,-0.713450693,-0.785821004,-0.741100512,dataset/images/maksssksksss289.png,"[74, 181, 79, 79]",0
,,,,,,,
-0.386561553,-0.702969642,-0.713450693,-0.785821004,-0.741100512,dataset/images/maksssksksss290.png,"[164, 142, 62, 62]",0
,,,,,,,
-0.577678232,-0.702969642,-0.713450693,-0.785821004,-0.741100512,dataset/images/maksssksksss290.png,"[230, 49, 80, 80]",1
,,,,,,,
-0.271277855,-0.702969642,-0.713450693,-0.785821004,-0.741100512,dataset/images/maksssksksss295.png,"[213, 194, 39, 39]",0
,,,,,,,
,,,,,,,
,,,,,,,
-0.370416188,-0.702969642,-0.713450693,-0.785821004,-0.741100512,dataset/images/maksssksksss295.png,"[209, 221, 51, 51]",0
,,,,,,,
-0.487355598,-0.702969642,-0.713450693,-0.785821004,-0.741100512,dataset/images/maksssksksss295.png,"[58, 275, 46, 46]",0
,,,,,,,
-0.569827975,-0.702969642,-0.713450693,-0.785821004,-0.741100512,dataset/images/maksssksksss295.png,"[167, 317, 46, 46]",0
,,,,,,,
-0.211496043,0.357434723,0.710586988,-0.785821004,-0.741100512,dataset/images/maksssksksss295.png,"[75, 58, 97, 97]",1
,,,,,,,
-0.160349667,-0.702969642,-0.713450693,-0.785821004,-0.741100512,dataset/images/maksssksksss295.png,"[49, 215, 165, 165]",0
,,,,,,,
-0.184610386,0.257426682,-0.713450693,-0.785821004,-0.741100512,dataset/images/maksssksksss296.png,"[334, 147, 47, 47]",0
,,,,,,,
-0.717588678,-0.702969642,-0.713450693,-0.785821004,-0.741100512,dataset/images/maksssksksss296.png,"[121, 165, 56, 56]",1
,,,,,,,
0.086737064,-0.702969642,-0.713450693,-0.785821004,-0.741100512,dataset/images/maksssksksss296.png,"[137, 3, 59, 59]",1
,,,,,,,
-0.434983847,-0.702969642,-0.713450693,-0.785821004,-0.741100512,dataset/images/maksssksksss296.png,"[231, 31, 32, 32]",0
,,,,,,,
-0.405587837,-0.702969642,-0.713450693,-0.785821004,-0.741100512,dataset/images/maksssksksss298.png,"[7, 109, 124, 124]",0
,,,,,,,
-0.32865144,-0.054089301,-0.478871733,-0.785821004,-0.741100512,dataset/images/maksssksksss298.png,"[244, 36, 94, 94]",1
,,,,,,,
-0.448753918,0.388214601,0.58086041,-0.98775648,-0.648263811,dataset/images/maksssksksss299.png,"[24, 167, 153, 153]",0
,,,,,,,
-0.104211067,-0.702969642,-0.713450693,-0.785821004,-0.741100512,dataset/images/maksssksksss300.png,"[66, 133, 128, 128]",1
,,,,,,,
-0.531623557,-0.702969642,-0.713450693,-0.785821004,-0.741100512,dataset/images/maksssksksss303.png,"[75, 92, 58, 58]",0
,,,,,,,
-0.53681977,-0.702969642,-0.713450693,-0.785821004,-0.741100512,dataset/images/maksssksksss305.png,"[99, 213, 35, 35]",0
,,,,,,,
-0.366007222,-0.702969642,-0.713450693,-0.785821004,-0.741100512,dataset/images/maksssksksss305.png,"[257, 106, 55, 55]",0
,,,,,,,
-0.324320744,-0.702969642,-0.713450693,-0.785821004,-0.741100512,dataset/images/maksssksksss305.png,"[247, 180, 60, 60]",0
,,,,,,,
-0.241146384,-0.381410119,-0.713450693,-0.785821004,-0.741100512,dataset/images/maksssksksss306.png,"[123, 160, 152, 152]",1
,,,,,,,
-0.380198843,-0.702969642,-0.713450693,-0.785821004,-0.741100512,dataset/images/maksssksksss307.png,"[135, 150, 26, 26]",0
,,,,,,,
-0.247668159,-0.290907417,-0.713450693,-0.785821004,-0.741100512,dataset/images/maksssksksss311.png,"[155, 29, 58, 58]",1
,,,,,,,
-0.427980525,-0.702969642,-0.713450693,-0.785821004,-0.741100512,dataset/images/maksssksksss311.png,"[155, 136, 57, 57]",0
,,,,,,,
-0.811067706,-0.702969642,-0.713450693,-0.785821004,-0.741100512,dataset/images/maksssksksss312.png,"[156, 163, 28, 28]",1
,,,,,,,
-0.932524624,-0.702969642,-0.713450693,-0.785821004,-0.741100512,dataset/images/maksssksksss314.png,"[84, 116, 57, 57]",0
,,,,,,,
-0.466167213,-0.702969642,-0.713450693,-0.785821004,-0.741100512,dataset/images/maksssksksss314.png,"[263, 197, 35, 35]",0
,,,,,,,
-0.292438021,0.402275088,0.23085001,-0.785821004,-0.200419698,dataset/images/maksssksksss322.png,"[38, 70, 156, 156]",1
,,,,,,,
-0.613244791,-0.262143524,-0.713450693,-0.785821004,-0.741100512,dataset/images/maksssksksss323.png,"[308, 243, 83, 83]",1
,,,,,,,
-0.461567665,0.451206028,0.512260171,-0.785821004,-0.791970181,dataset/images/maksssksksss324.png,"[62, 85, 195, 195]",1
,,,,,,,
-0.066526544,-0.702969642,-0.713450693,-0.785821004,-0.741100512,dataset/images/maksssksksss327.png,"[15, 189, 57, 57]",0
,,,,,,,
-0.123042009,-0.702969642,-0.713450693,-0.785821004,-0.741100512,dataset/images/maksssksksss327.png,"[227, 122, 65, 65]",1
,,,,,,,
-0.268177144,-0.702969642,-0.713450693,-0.785821004,-0.741100512,dataset/images/maksssksksss327.png,"[273, 10, 54, 54]",0
,,,,,,,
0.290573291,-0.702969642,-0.713450693,-0.785821004,-0.741100512,dataset/images/maksssksksss327.png,"[15, 73, 58, 58]",0
,,,,,,,
0.064900553,0.009974403,-0.713450693,-0.785821004,-0.741100512,dataset/images/maksssksksss327.png,"[333, 88, 59, 59]",0
,,,,,,,
-0.442384535,-0.702969642,-0.713450693,-0.785821004,-0.741100512,dataset/images/maksssksksss327.png,"[333, 109, 56, 56]",0
,,,,,,,
-0.5789569,-0.702969642,-0.713450693,-0.785821004,-0.741100512,dataset/images/maksssksksss329.png,"[164, 113, 64, 64]",1
,,,,,,,
-0.236587978,-0.702969642,-0.713450693,-0.785821004,-0.741100512,dataset/images/maksssksksss330.png,"[22, 71, 36, 36]",1
,,,,,,,
0.405451665,-0.702969642,-0.713450693,-0.785821004,-0.741100512,dataset/images/maksssksksss330.png,"[281, 22, 72, 72]",1
,,,,,,,
-0.585306355,-0.702969642,-0.713450693,-0.785821004,-0.741100512,dataset/images/maksssksksss330.png,"[85, 32, 47, 47]",1
,,,,,,,
-0.157372999,0.128784242,0.181335967,-0.785821004,-0.741100512,dataset/images/maksssksksss332.png,"[50, 188, 135, 135]",1
,,,,,,,
-0.458756763,-0.702969642,-0.713450693,-0.785821004,-0.741100512,dataset/images/maksssksksss333.png,"[228, 246, 29, 29]",0
,,,,,,,
-0.700672252,-0.702969642,-0.713450693,-0.693022809,-0.741100512,dataset/images/maksssksksss333.png,"[73, 220, 104, 104]",1
,,,,,,,
-0.5598614,-0.69192767,-0.713450693,-0.785821004,-0.741100512,dataset/images/maksssksksss334.png,"[192, 94, 48, 48]",1
,,,,,,,
-0.449732201,-0.702969642,-0.713450693,-0.785821004,-0.741100512,dataset/images/maksssksksss334.png,"[258, 99, 51, 51]",1
,,,,,,,
-0.390734447,-0.702969642,-0.713450693,-0.785821004,-0.741100512,dataset/images/maksssksksss334.png,"[291, 206, 53, 53]",0
,,,,,,,
0.011047391,-0.702969642,-0.713450693,-0.785821004,-0.741100512,dataset/images/maksssksksss340.png,"[132, 72, 74, 74]",0
,,,,,,,
0.120225683,0.416284426,0.425927525,0.02721897,-0.507172467,dataset/images/maksssksksss343.png,"[70, 90, 174, 174]",0
,,,,,,,
0.764635432,0.479402247,0.85283039,0.534327502,0.721150344,dataset/images/maksssksksss348.png,"[74, 161, 132, 132]",0
,,,,,,,
-0.263897378,0.142854071,0.170013579,-0.785821004,-0.741100512,dataset/images/maksssksksss349.png,"[151, 31, 120, 120]",1
,,,,,,,
-0.186700204,-0.492718484,-0.713450693,-0.785821004,-0.147291439,dataset/images/maksssksksss350.png,"[126, 52, 63, 63]",0
,,,,,,,
-0.05342745,-0.085793536,0.095756946,-0.785821004,-0.741100512,dataset/images/maksssksksss351.png,"[126, 33, 148, 148]",1
,,,,,,,
-0.563639969,-0.702969642,-0.713450693,-0.785821004,-0.741100512,dataset/images/maksssksksss352.png,"[104, 14, 55, 55]",0
,,,,,,,
-0.374307075,-0.702969642,-0.713450693,-0.785821004,-0.741100512,dataset/images/maksssksksss352.png,"[136, 55, 57, 57]",1
,,,,,,,
-0.291705075,-0.702969642,-0.713450693,-0.785821004,-0.741100512,dataset/images/maksssksksss352.png,"[44, 79, 57, 57]",0
,,,,,,,
-0.511642703,-0.702969642,-0.713450693,-0.785821004,-0.741100512,dataset/images/maksssksksss353.png,"[28, 22, 114, 114]",0
,,,,,,,
-0.427661144,-0.702969642,-0.713450693,-0.785821004,-0.741100512,dataset/images/maksssksksss356.png,"[35, 39, 49, 49]",0
,,,,,,,
-0.551051719,-0.702969642,-0.713450693,-0.624686061,-0.145517875,dataset/images/maksssksksss356.png,"[103, 156, 125, 125]",1
,,,,,,,
-0.633494374,-0.702969642,-0.713450693,-0.785821004,-0.741100512,dataset/images/maksssksksss357.png,"[133, 99, 57, 57]",0
,,,,,,,
-0.425295201,-0.702969642,-0.713450693,-0.785821004,-0.741100512,dataset/images/maksssksksss358.png,"[175, 57, 50, 50]",1
,,,,,,,
-0.733165997,-0.702969642,-0.713450693,-0.785821004,-0.741100512,dataset/images/maksssksksss361.png,"[322, 18, 34, 34]",0
,,,,,,,
-0.369958118,-0.702969642,-0.713450693,-0.785821004,-0.741100512,dataset/images/maksssksksss364.png,"[159, 149, 70, 70]",0
,,,,,,,
-0.45205206,-0.702969642,-0.713450693,-0.785821004,-0.741100512,dataset/images/maksssksksss364.png,"[176, 48, 39, 39]",1
,,,,,,,
-0.731190919,-0.702969642,-0.713450693,-0.785821004,-0.741100512,dataset/images/maksssksksss367.png,"[304, 83, 28, 28]",0
,,,,,,,
0.119103273,0.555260836,0.836487558,0.702586026,-0.010084953,dataset/images/maksssksksss370.png,"[118, 111, 132, 132]",0
,,,,,,,
0.007038624,0.146058246,0.397681256,-0.340778616,-0.741100512,dataset/images/maksssksksss371.png,"[156, 12, 121, 121]",1
,,,,,,,
-0.201314737,-0.702969642,-0.713450693,-0.679584543,-0.741100512,dataset/images/maksssksksss371.png,"[284, 21, 87, 87]",0
,,,,,,,
-0.58283132,-0.702969642,-0.713450693,-0.245251675,-0.741100512,dataset/images/maksssksksss373.png,"[35, 82, 94, 94]",1
,,,,,,,
0.186272219,-0.702969642,-0.713450693,-0.785821004,-0.741100512,dataset/images/maksssksksss373.png,"[377, 182, 66, 66]",0
,,,,,,,
-0.804244687,-0.702969642,-0.713450693,-0.785821004,-0.741100512,dataset/images/maksssksksss373.png,"[364, 51, 27, 27]",0
,,,,,,,
-0.64679465,-0.702969642,-0.713450693,-0.785821004,-0.741100512,dataset/images/maksssksksss373.png,"[325, 64, 44, 44]",1
,,,,,,,
-0.578462403,-0.702969642,-0.713450693,-0.785821004,-0.741100512,dataset/images/maksssksksss373.png,"[16, 42, 59, 59]",1
,,,,,,,
-0.126660126,-0.702969642,-0.713450693,-0.785821004,-0.741100512,dataset/images/maksssksksss373.png,"[375, 231, 35, 35]",1
,,,,,,,
-0.588064227,-0.702969642,-0.713450693,-0.785821004,-0.741100512,dataset/images/maksssksksss374.png,"[307, 24, 36, 36]",0
,,,,,,,
-0.333646022,-0.386833575,-0.753087989,-0.785821004,-0.741100512,dataset/images/maksssksksss377.png,"[121, 43, 146, 146]",1
,,,,,,,
-0.590684387,-0.702969642,-0.713450693,-0.785821004,-0.741100512,dataset/images/maksssksksss378.png,"[215, 35, 88, 88]",1
,,,,,,,
0.268288891,-0.031405693,0.016304102,-0.785821004,-0.741100512,dataset/images/maksssksksss379.png,"[114, 185, 89, 89]",0
,,,,,,,
-0.487805174,-0.702969642,-0.713450693,-0.785821004,-0.741100512,dataset/images/maksssksksss380.png,"[155, 252, 106, 106]",0
,,,,,,,
-0.558709983,-0.702969642,-0.713450693,-0.785821004,-0.741100512,dataset/images/maksssksksss382.png,"[269, 84, 103, 103]",0
,,,,,,,
-0.036321418,-0.702969642,-0.713450693,-0.785821004,-0.741100512,dataset/images/maksssksksss383.png,"[73, 157, 135, 135]",1
,,,,,,,
-0.585066659,-0.218138093,-0.713450693,-0.785821004,-0.741100512,dataset/images/maksssksksss384.png,"[64, 180, 136, 136]",0
,,,,,,,
-0.219427531,-0.011378689,-0.088413069,-0.785821004,-0.776206698,dataset/images/maksssksksss385.png,"[109, 64, 63, 63]",1
,,,,,,,
-0.591552695,-0.702969642,-0.713450693,-0.785821004,-0.741100512,dataset/images/maksssksksss388.png,"[184, 88, 40, 40]",1
,,,,,,,
0.205700679,-0.180727212,-0.553352375,-0.785821004,-0.741100512,dataset/images/maksssksksss389.png,"[115, 134, 80, 80]",1
,,,,,,,
-0.621899729,-0.702969642,-0.713450693,-0.785821004,-0.741100512,dataset/images/maksssksksss389.png,"[329, 93, 59, 59]",0
,,,,,,,
-0.510370169,-0.702969642,-0.713450693,-0.785821004,-0.741100512,dataset/images/maksssksksss389.png,"[332, 48, 57, 57]",0
,,,,,,,
-0.513879827,-0.702969642,-0.713450693,-0.785821004,-0.741100512,dataset/images/maksssksksss39.png,"[122, 218, 88, 88]",0
,,,,,,,
-0.108501291,-0.177097791,-0.556174785,-0.785821004,-0.741100512,dataset/images/maksssksksss392.png,"[159, 52, 141, 141]",1
,,,,,,,
-0.193895775,-0.702969642,-0.713450693,-0.785821004,-0.741100512,dataset/images/maksssksksss395.png,"[52, 123, 51, 51]",0
,,,,,,,
0.311178002,-0.702969642,-0.713450693,-0.785821004,-0.489311859,dataset/images/maksssksksss396.png,"[300, 73, 58, 58]",0
,,,,,,,
-0.548178589,-0.702969642,-0.713450693,-0.785821004,-0.741100512,dataset/images/maksssksksss397.png,"[233, 3, 38, 38]",1
,,,,,,,
-0.20104765,-0.702969642,-0.713450693,-0.785821004,-0.741100512,dataset/images/maksssksksss397.png,"[294, 36, 67, 67]",1
,,,,,,,
-0.800412123,-0.702969642,-0.713450693,-0.785821004,-0.741100512,dataset/images/maksssksksss397.png,"[307, 128, 25, 25]",0
,,,,,,,
-0.298927136,-0.657698509,-0.713450693,-0.785821004,-0.741100512,dataset/images/maksssksksss397.png,"[172, 41, 88, 88]",1
,,,,,,,
-0.644756925,-0.702969642,-0.713450693,-0.785821004,-0.741100512,dataset/images/maksssksksss4.png,"[158, 107, 30, 30]",0
,,,,,,,
-0.408382693,-0.702969642,-0.713450693,-0.785821004,-0.741100512,dataset/images/maksssksksss40.png,"[60, 80, 50, 50]",1
,,,,,,,
-0.161382209,-0.702969642,-0.713450693,-0.785821004,-0.741100512,dataset/images/maksssksksss40.png,"[240, 128, 82, 82]",0
,,,,,,,
-0.374736266,-0.518272419,-0.127272013,-0.785821004,-0.302482281,dataset/images/maksssksksss40.png,"[167, 20, 157, 157]",1
,,,,,,,
-0.282166442,-0.702969642,-0.713450693,-0.785821004,-0.741100512,dataset/images/maksssksksss40.png,"[2, 85, 61, 61]",0
,,,,,,,
-0.31328691,-0.702969642,-0.713450693,-0.785821004,-0.741100512,dataset/images/maksssksksss400.png,"[159, 83, 60, 60]",1
,,,,,,,
0.020675426,-0.630091587,-0.713450693,-0.785821004,-0.741100512,dataset/images/maksssksksss400.png,"[261, 96, 102, 102]",0
,,,,,,,
-0.568140047,-0.702969642,-0.713450693,-0.785821004,-0.741100512,dataset/images/maksssksksss402.png,"[118, 71, 52, 52]",0
,,,,,,,
-0.315994126,-0.368343473,-0.002008579,-0.785821004,-0.741100512,dataset/images/maksssksksss404.png,"[106, 200, 91, 91]",0
,,,,,,,
-0.302416176,-0.702969642,-0.713450693,-0.785821004,-0.741100512,dataset/images/maksssksksss406.png,"[173, 71, 65, 65]",1
,,,,,,,
-0.411228192,-0.702969642,-0.713450693,-0.785821004,-0.741100512,dataset/images/maksssksksss409.png,"[93, 196, 97, 97]",1
,,,,,,,
0.145428843,-0.214476935,0.160728218,-0.785821004,-0.741100512,dataset/images/maksssksksss412.png,"[180, 78, 99, 99]",1
,,,,,,,
-0.047730898,-0.669481647,-0.713450693,-0.785821004,-0.741100512,dataset/images/maksssksksss412.png,"[308, 177, 88, 88]",1
,,,,,,,
0.010231402,0.148340479,-0.497822386,-0.785821004,-0.741100512,dataset/images/maksssksksss415.png,"[69, 107, 122, 122]",1
,,,,,,,
-0.553161182,-0.702969642,-0.713450693,-0.785821004,-0.741100512,dataset/images/maksssksksss415.png,"[110, 278, 54, 54]",0
,,,,,,,
-0.166177537,-0.702969642,-0.713450693,-0.785821004,-0.741100512,dataset/images/maksssksksss417.png,"[180, 103, 53, 53]",0
,,,,,,,
-0.022309081,-0.702969642,-0.713450693,-0.785821004,-0.741100512,dataset/images/maksssksksss42.png,"[290, 84, 79, 79]",1
,,,,,,,
-0.509947114,0.070801949,-0.713450693,-0.785821004,-0.741100512,dataset/images/maksssksksss42.png,"[285, 44, 94, 94]",1
,,,,,,,
-0.282298431,-0.702969642,-0.713450693,-0.785821004,-0.741100512,dataset/images/maksssksksss42.png,"[297, 269, 72, 72]",1
,,,,,,,
0.05612715,0.740025354,0.59985224,-0.535658807,-0.741100512,dataset/images/maksssksksss420.png,"[80, 147, 119, 119]",0
,,,,,,,
-0.488120499,0.231187503,-0.713450693,-0.785821004,-0.741100512,dataset/images/maksssksksss422.png,"[201, 124, 77, 77]",0
,,,,,,,
-0.455037372,0.656733947,-0.713450693,-0.785821004,-0.741100512,dataset/images/maksssksksss422.png,"[192, 333, 51, 51]",0
,,,,,,,
-0.619191816,0.712574488,0.53695736,-0.785821004,-0.741100512,dataset/images/maksssksksss425.png,"[219, 89, 162, 162]",1
,,,,,,,
-0.126864529,0.454049954,0.861549537,-0.785821004,-0.789924813,dataset/images/maksssksksss426.png,"[135, 48, 177, 177]",1
,,,,,,,
-0.761951666,-0.702969642,-0.713450693,-0.785821004,-0.741100512,dataset/images/maksssksksss428.png,"[224, 197, 26, 26]",0
,,,,,,,
-0.458683516,-0.702969642,-0.713450693,-0.785821004,-0.741100512,dataset/images/maksssksksss429.png,"[186, 126, 52, 52]",0
,,,,,,,
-0.361450071,0.113674337,-0.713450693,-0.785821004,-0.741100512,dataset/images/maksssksksss429.png,"[168, 46, 50, 50]",0
,,,,,,,
-0.437233084,-0.728317313,-0.713450693,-0.785821004,-0.741100512,dataset/images/maksssksksss431.png,"[233, 146, 52, 52]",1
,,,,,,,
-0.338985262,-0.702969642,-0.713450693,-0.785821004,-0.741100512,dataset/images/maksssksksss431.png,"[131, 101, 84, 84]",1
,,,,,,,
0.000416101,-0.376516318,-0.713450693,-0.785821004,-0.741100512,dataset/images/maksssksksss431.png,"[16, 60, 65, 65]",1
,,,,,,,
-0.366193788,-0.702969642,-0.713450693,-0.785821004,-0.741100512,dataset/images/maksssksksss432.png,"[276, 105, 50, 50]",0
,,,,,,,
-0.494103139,-0.702969642,-0.713450693,-0.785821004,-0.741100512,dataset/images/maksssksksss433.png,"[208, 307, 56, 56]",0
,,,,,,,
-0.607143158,-0.702969642,-0.713450693,-0.785821004,-0.741100512,dataset/images/maksssksksss435.png,"[128, 184, 70, 70]",0
,,,,,,,
-0.796640822,-0.417312195,-0.713450693,-0.785821004,-0.741100512,dataset/images/maksssksksss435.png,"[257, 58, 80, 80]",1
,,,,,,,
-0.538772243,-0.702969642,-0.713450693,-0.785821004,-0.741100512,dataset/images/maksssksksss436.png,"[76, 328, 62, 62]",0
,,,,,,,
-0.72507128,-0.702969642,-0.713450693,-0.785821004,-0.741100512,dataset/images/maksssksksss438.png,"[29, 1, 30, 30]",0
,,,,,,,
-0.484212331,-0.702969642,-0.713450693,-0.785821004,-0.741100512,dataset/images/maksssksksss438.png,"[97, 52, 46, 46]",0
,,,,,,,
-0.752673689,0.558304676,-0.713450693,-0.785821004,-0.741100512,dataset/images/maksssksksss438.png,"[50, 116, 54, 54]",0
,,,,,,,
0.158464278,-0.702969642,-0.713450693,-0.785821004,-0.741100512,dataset/images/maksssksksss441.png,"[199, 109, 72, 72]",1
,,,,,,,
-0.603719285,-0.702969642,-0.713450693,-0.785821004,-0.741100512,dataset/images/maksssksksss441.png,"[99, 103, 83, 83]",1
,,,,,,,
0.172252922,0.170940763,0.514345722,0.734784804,0.61549256,dataset/images/maksssksksss442.png,"[62, 134, 171, 171]",0
,,,,,,,
0.110439799,0.348045554,0.721137994,-0.785821004,0.545164883,dataset/images/maksssksksss443.png,"[75, 128, 120, 120]",0
,,,,,,,
-0.776793237,-0.702969642,-0.713450693,-0.785821004,-0.741100512,dataset/images/maksssksksss444.png,"[47, 25, 35, 35]",0
,,,,,,,
-0.039846291,-0.519361586,-0.713450693,-0.785821004,-0.741100512,dataset/images/maksssksksss445.png,"[299, 91, 67, 67]",0
,,,,,,,
-0.676755172,1,0.757517342,-0.785821004,-0.741100512,dataset/images/maksssksksss446.png,"[13, 2, 315, 315]",1
,,,,,,,
-0.655359889,-0.702969642,-0.713450693,-0.785821004,-0.741100512,dataset/images/maksssksksss448.png,"[41, 161, 25, 25]",0
,,,,,,,
-0.613242553,-0.702969642,-0.713450693,-0.785821004,-0.741100512,dataset/images/maksssksksss448.png,"[193, 55, 40, 40]",1
,,,,,,,
-0.613339951,-0.702969642,-0.713450693,-0.785821004,-0.741100512,dataset/images/maksssksksss448.png,"[123, 147, 46, 46]",0
,,,,,,,
-0.288950962,-0.702969642,-0.713450693,-0.785821004,-0.741100512,dataset/images/maksssksksss448.png,"[252, 47, 91, 91]",1
,,,,,,,
-0.077212403,-0.702969642,-0.713450693,-0.785821004,-0.741100512,dataset/images/maksssksksss448.png,"[98, 37, 59, 59]",0
,,,,,,,
-0.203783498,-0.702969642,-0.713450693,-0.785821004,-0.741100512,dataset/images/maksssksksss449.png,"[112, 106, 77, 77]",0
,,,,,,,
-0.534063705,-0.702969642,-0.713450693,-0.785821004,-0.741100512,dataset/images/maksssksksss450.png,"[78, 218, 47, 47]",0
,,,,,,,
1,0.426232469,0.197720097,-0.066350188,-0.741100512,dataset/images/maksssksksss455.png,"[95, 198, 148, 148]",0
,,,,,,,
-0.404045733,-0.702969642,-0.713450693,-0.785821004,-0.741100512,dataset/images/maksssksksss457.png,"[263, 89, 52, 52]",1
,,,,,,,
-0.374547477,-0.702969642,-0.713450693,-0.785821004,-0.741100512,dataset/images/maksssksksss457.png,"[183, 44, 54, 54]",1
,,,,,,,
-0.319708492,-0.702969642,-0.713450693,-0.785821004,-0.741100512,dataset/images/maksssksksss462.png,"[118, 33, 34, 34]",1
,,,,,,,
-0.46209607,-0.702969642,-0.713450693,-0.785821004,-0.741100512,dataset/images/maksssksksss462.png,"[78, 171, 49, 49]",0
,,,,,,,
-0.726930141,-0.747214783,-0.713450693,-0.785821004,-0.741100512,dataset/images/maksssksksss465.png,"[201, 23, 114, 114]",1
,,,,,,,
-0.269791682,-0.576728805,-0.713450693,-0.785821004,-0.741100512,dataset/images/maksssksksss467.png,"[280, 125, 83, 83]",0
,,,,,,,
-0.186627083,-0.702969642,-0.713450693,-0.785821004,-0.741100512,dataset/images/maksssksksss467.png,"[296, 117, 95, 95]",0
,,,,,,,
-0.441660078,-0.702969642,-0.713450693,-0.441925201,-0.454549121,dataset/images/maksssksksss467.png,"[36, 39, 80, 80]",1
,,,,,,,
-0.744270164,-0.549563813,-0.304985339,-0.785821004,-0.741100512,dataset/images/maksssksksss468.png,"[88, 128, 140, 140]",1
,,,,,,,
-0.368052363,-0.702969642,-0.713450693,-0.785821004,-0.741100512,dataset/images/maksssksksss469.png,"[36, 99, 69, 69]",0
,,,,,,,
-0.765402038,-0.702969642,-0.713450693,-0.785821004,-0.741100512,dataset/images/maksssksksss472.png,"[152, 6, 73, 73]",0
,,,,,,,
-0.333076587,-0.702969642,-0.713450693,-0.785821004,-0.741100512,dataset/images/maksssksksss475.png,"[299, 76, 48, 48]",0
,,,,,,,
-0.2246642,-0.702969642,-0.713450693,-0.785821004,-0.741100512,dataset/images/maksssksksss476.png,"[240, 180, 36, 36]",0
,,,,,,,
-0.479127465,-0.702969642,-0.713450693,-0.785821004,-0.741100512,dataset/images/maksssksksss477.png,"[54, 85, 27, 27]",0
,,,,,,,
-0.402480873,-0.702969642,-0.713450693,-0.785821004,-0.741100512,dataset/images/maksssksksss477.png,"[50, 211, 25, 25]",0
,,,,,,,
0.051966265,0.021753707,0.513167671,-0.785821004,-0.741100512,dataset/images/maksssksksss478.png,"[238, 101, 139, 139]",1
,,,,,,,
-0.284991836,-0.272133384,-0.713450693,-0.785821004,-0.741100512,dataset/images/maksssksksss478.png,"[202, 110, 118, 118]",1
,,,,,,,
0.170243381,0.498637999,0.555343163,-0.457843592,-0.741100512,dataset/images/maksssksksss479.png,"[99, 131, 145, 145]",1
,,,,,,,
0.436594729,0.71359281,0.451930212,0.521695452,0.536484677,dataset/images/maksssksksss48.png,"[64, 126, 149, 149]",0
,,,,,,,
-0.650710651,-0.702969642,-0.713450693,-0.785821004,-0.741100512,dataset/images/maksssksksss481.png,"[187, 128, 42, 42]",0
,,,,,,,
-0.682384493,-0.702969642,-0.713450693,-0.785821004,-0.741100512,dataset/images/maksssksksss481.png,"[194, 116, 27, 27]",0
,,,,,,,
0.00278759,0.441144929,-0.713450693,-0.785821004,-0.741100512,dataset/images/maksssksksss482.png,"[34, 225, 112, 112]",0
,,,,,,,
-0.198336682,-0.702969642,-0.713450693,-0.785821004,-0.741100512,dataset/images/maksssksksss483.png,"[109, 39, 50, 50]",1
,,,,,,,
-0.887759779,-0.702969642,-0.713450693,-0.785821004,-0.741100512,dataset/images/maksssksksss487.png,"[211, 71, 59, 59]",1
,,,,,,,
-0.26303772,-1,-0.713450693,-0.785821004,-0.741100512,dataset/images/maksssksksss487.png,"[45, 48, 83, 83]",1
,,,,,,,
-0.78637301,-0.702969642,-0.713450693,-0.785821004,-0.741100512,dataset/images/maksssksksss487.png,"[276, 44, 75, 75]",1
,,,,,,,
-0.39430773,-0.702969642,-0.713450693,-0.785821004,-0.741100512,dataset/images/maksssksksss495.png,"[72, 10, 65, 65]",1
,,,,,,,
-0.014896251,-0.336798437,-0.713450693,-0.785821004,-0.741100512,dataset/images/maksssksksss495.png,"[268, 49, 63, 63]",0
,,,,,,,
0.58732803,-0.358446488,-0.713450693,-0.785821004,-0.735591432,dataset/images/maksssksksss495.png,"[163, 49, 70, 70]",0
,,,,,,,
-0.40624548,-0.702969642,-0.713450693,-0.785821004,-0.741100512,dataset/images/maksssksksss499.png,"[171, 140, 79, 79]",0
,,,,,,,
-0.201969583,-0.702969642,-0.713450693,-0.785821004,-0.741100512,dataset/images/maksssksksss499.png,"[267, 143, 79, 79]",0
,,,,,,,
0.013855764,-0.702969642,-0.713450693,-0.785821004,-0.741100512,dataset/images/maksssksksss500.png,"[98, 253, 54, 54]",1
,,,,,,,
-0.296725572,-0.702969642,-0.713450693,-0.785821004,-0.741100512,dataset/images/maksssksksss500.png,"[111, 210, 125, 125]",1
,,,,,,,
0.227980752,-0.702969642,-0.713450693,-0.785821004,0.520308313,dataset/images/maksssksksss502.png,"[175, 42, 76, 76]",0
,,,,,,,
-0.31048649,-0.702969642,-0.713450693,-0.785821004,-0.741100512,dataset/images/maksssksksss502.png,"[42, 58, 80, 80]",0
,,,,,,,
0.163790694,-0.702969642,-0.713450693,-0.739875832,-0.741100512,dataset/images/maksssksksss503.png,"[237, 56, 58, 58]",1
,,,,,,,
-0.158156205,-0.702969642,-0.713450693,-0.785821004,-0.741100512,dataset/images/maksssksksss503.png,"[288, 114, 50, 50]",0
,,,,,,,
-0.35176634,-0.702969642,-0.713450693,-0.785821004,-0.741100512,dataset/images/maksssksksss504.png,"[66, 342, 24, 24]",0
,,,,,,,
-0.35640845,-0.557863923,-0.713450693,-0.785821004,-0.172533161,dataset/images/maksssksksss504.png,"[7, 139, 135, 135]",1
,,,,,,,
-0.209497782,-0.702969642,-0.713450693,-0.785821004,-0.741100512,dataset/images/maksssksksss506.png,"[130, 252, 70, 70]",0
,,,,,,,
0.028978615,0.326401019,-0.532188272,-0.785821004,-0.741100512,dataset/images/maksssksksss506.png,"[67, 30, 212, 212]",1
,,,,,,,
-0.212640496,0.191665538,-0.048480611,-0.785821004,-0.741100512,dataset/images/maksssksksss507.png,"[108, 24, 149, 149]",1
,,,,,,,
0.09805012,-0.200432908,-0.713450693,-0.785821004,-0.741100512,dataset/images/maksssksksss508.png,"[242, 76, 83, 83]",1
,,,,,,,
-0.286911953,-0.453269948,-0.574027986,-0.391886908,-0.741100512,dataset/images/maksssksksss508.png,"[60, 80, 92, 92]",1
,,,,,,,
-0.309558722,-0.702969642,-0.713450693,-0.785821004,-0.741100512,dataset/images/maksssksksss508.png,"[189, 26, 68, 68]",1
,,,,,,,
0.528689996,0.312935515,0.154179295,-0.235192959,-0.741100512,dataset/images/maksssksksss51.png,"[99, 133, 125, 125]",0
,,,,,,,
-0.253362236,-0.702969642,-0.713450693,-0.785821004,-0.741100512,dataset/images/maksssksksss510.png,"[234, 75, 54, 54]",1
,,,,,,,
-0.622396747,-0.702969642,-0.713450693,-0.785821004,-0.741100512,dataset/images/maksssksksss511.png,"[328, 94, 28, 28]",0
,,,,,,,
-0.251934251,-0.702969642,-0.713450693,-0.785821004,-0.741100512,dataset/images/maksssksksss511.png,"[255, 43, 81, 81]",0
,,,,,,,
-0.267926541,-0.702969642,-0.713450693,-0.785821004,-0.741100512,dataset/images/maksssksksss513.png,"[123, 12, 54, 54]",0
,,,,,,,
-0.542741687,-0.702969642,-0.713450693,-0.785821004,-0.630482327,dataset/images/maksssksksss515.png,"[200, 133, 78, 78]",0
,,,,,,,
-0.349582102,-0.702969642,-0.713450693,-0.785821004,-0.7801211,dataset/images/maksssksksss515.png,"[203, 214, 73, 73]",0
,,,,,,,
-0.038219903,-0.173300779,-0.713450693,-0.785821004,-0.741100512,dataset/images/maksssksksss515.png,"[49, 180, 135, 135]",1
,,,,,,,
-0.166997713,-0.702969642,-0.713450693,-0.785821004,-0.741100512,dataset/images/maksssksksss515.png,"[201, 41, 58, 58]",0
,,,,,,,
-0.254337574,-0.702969642,-0.713450693,-0.785821004,0.250199892,dataset/images/maksssksksss515.png,"[201, 185, 77, 77]",0
,,,,,,,
-0.434776779,-0.702969642,-0.713450693,-0.785821004,-0.51764245,dataset/images/maksssksksss515.png,"[209, 239, 76, 76]",0
,,,,,,,
-0.405978401,0.119186128,-1,-0.785821004,-0.741100512,dataset/images/maksssksksss517.png,"[98, 34, 147, 147]",0
,,,,,,,
-0.4366885,-0.702969642,-0.713450693,-0.785821004,-0.741100512,dataset/images/maksssksksss519.png,"[130, 78, 29, 29]",1
,,,,,,,
-0.723162746,-0.062718916,-0.037601435,-0.785821004,-0.741100512,dataset/images/maksssksksss519.png,"[109, 145, 83, 83]",0
,,,,,,,
-0.565079914,0.06860091,-0.713450693,-0.785821004,-0.741100512,dataset/images/maksssksksss519.png,"[245, 167, 92, 92]",0
,,,,,,,
-0.116332998,-0.482216299,0.142711423,-0.480346017,-0.741100512,dataset/images/maksssksksss520.png,"[31, 149, 134, 134]",1
,,,,,,,
0.591551868,0.088219574,-0.092116561,0.474730207,0.390883846,dataset/images/maksssksksss521.png,"[167, 13, 110, 110]",0
,,,,,,,
-0.549312143,-0.702969642,-0.713450693,-0.785821004,-0.741100512,dataset/images/maksssksksss524.png,"[233, 149, 64, 64]",1
,,,,,,,
-0.359280345,-0.702969642,-0.713450693,-0.785821004,-0.741100512,dataset/images/maksssksksss524.png,"[29, 134, 32, 32]",1
,,,,,,,
-0.439362254,0.547579443,1,-0.785821004,-0.741100512,dataset/images/maksssksksss525.png,"[316, 98, 160, 160]",1
,,,,,,,
-0.327264338,-0.702969642,-0.713450693,-0.785821004,-0.741100512,dataset/images/maksssksksss526.png,"[58, 24, 40, 40]",0
,,,,,,,
0.170132589,-0.702969642,-0.713450693,-0.785821004,-0.741100512,dataset/images/maksssksksss526.png,"[303, 97, 52, 52]",0
,,,,,,,
0.411960185,0.1932611,0.712657851,-0.25196688,-0.741100512,dataset/images/maksssksksss528.png,"[30, 144, 133, 133]",0
,,,,,,,
-0.097052186,0.202867211,-0.713450693,-0.785821004,-0.741100512,dataset/images/maksssksksss530.png,"[69, 221, 101, 101]",0
,,,,,,,
-0.658196186,-0.702969642,-0.713450693,-0.785821004,-0.741100512,dataset/images/maksssksksss534.png,"[130, 118, 73, 73]",0
,,,,,,,
0.05372256,-0.702969642,-0.713450693,-0.785821004,-0.741100512,dataset/images/maksssksksss534.png,"[322, 162, 57, 57]",0
,,,,,,,
-0.659461323,-0.702969642,-0.713450693,-0.785821004,-0.741100512,dataset/images/maksssksksss535.png,"[192, 167, 26, 26]",0
,,,,,,,
-0.962012833,-0.702969642,-0.713450693,-0.785821004,-0.741100512,dataset/images/maksssksksss535.png,"[222, 35, 33, 33]",0
,,,,,,,
-0.471626859,-0.702969642,-0.713450693,-0.785821004,-0.741100512,dataset/images/maksssksksss535.png,"[71, 41, 53, 53]",0
,,,,,,,
-0.726268912,-0.702969642,-0.713450693,-0.785821004,-0.741100512,dataset/images/maksssksksss536.png,"[217, 266, 29, 29]",0
,,,,,,,
-0.811991262,-0.248648982,-0.404635091,-0.785821004,-0.741100512,dataset/images/maksssksksss536.png,"[18, 8, 110, 110]",0
,,,,,,,
-0.290231178,-0.702969642,-0.713450693,-0.785821004,-0.741100512,dataset/images/maksssksksss536.png,"[182, 175, 59, 59]",0
,,,,,,,
0.660150613,0.404946526,0.546207919,0.235193651,0.328006585,dataset/images/maksssksksss537.png,"[82, 150, 133, 133]",0
,,,,,,,
-0.746721917,-0.702969642,-0.713450693,-0.785821004,-0.741100512,dataset/images/maksssksksss538.png,"[308, 2, 35, 35]",0
,,,,,,,
-0.637927463,-0.702969642,-0.713450693,-0.785821004,-0.741100512,dataset/images/maksssksksss538.png,"[56, 94, 51, 51]",0
,,,,,,,
0.186186574,-0.091713371,0.955863176,-0.389785664,-0.746414151,dataset/images/maksssksksss540.png,"[91, 105, 124, 124]",0
,,,,,,,
-0.205577049,0.483973765,-0.713450693,-0.785821004,-0.741100512,dataset/images/maksssksksss541.png,"[81, 118, 147, 147]",1
,,,,,,,
-0.266187938,0.108204626,0.268621476,-0.785821004,-0.741100512,dataset/images/maksssksksss542.png,"[153, 31, 99, 99]",1
,,,,,,,
-0.367717481,-0.702969642,-0.713450693,-0.785821004,-0.741100512,dataset/images/maksssksksss543.png,"[276, 140, 25, 25]",0
,,,,,,,
0.739211669,0.565097753,0.037560846,-0.46035593,-0.741100512,dataset/images/maksssksksss544.png,"[130, 175, 121, 121]",0
,,,,,,,
-0.760057369,-0.702969642,-0.713450693,-0.785821004,-0.741100512,dataset/images/maksssksksss545.png,"[66, 63, 28, 28]",0
,,,,,,,
-0.166771799,-0.702969642,-0.713450693,-0.785821004,-0.741100512,dataset/images/maksssksksss552.png,"[162, 31, 73, 73]",1
,,,,,,,
-0.590695286,-0.702969642,-0.713450693,-0.785821004,-0.741100512,dataset/images/maksssksksss554.png,"[128, 184, 70, 70]",0
,,,,,,,
-0.664670783,-0.702969642,-0.713450693,-0.785821004,-0.741100512,dataset/images/maksssksksss558.png,"[7, 125, 77, 77]",1
,,,,,,,
-0.252999575,-0.702969642,-0.713450693,-0.785821004,-0.741100512,dataset/images/maksssksksss559.png,"[260, 209, 42, 42]",0
,,,,,,,
-0.715330749,-0.702969642,-0.713450693,-0.103102857,-0.741100512,dataset/images/maksssksksss559.png,"[83, 160, 66, 66]",1
,,,,,,,
-0.363206095,-0.702969642,-0.713450693,-0.785821004,-0.741100512,dataset/images/maksssksksss56.png,"[223, 130, 30, 30]",0
,,,,,,,
-0.689496494,-0.702969642,-0.713450693,-0.785821004,-0.741100512,dataset/images/maksssksksss560.png,"[176, 121, 49, 49]",1
,,,,,,,
-0.181530767,-0.20632513,0.450986046,-0.785821004,-0.436605735,dataset/images/maksssksksss561.png,"[66, 136, 133, 133]",0
,,,,,,,
-0.09893057,0.439425663,0.857764176,-0.313322804,-0.741100512,dataset/images/maksssksksss565.png,"[112, 166, 127, 127]",0
,,,,,,,
-0.09965561,-0.702969642,-0.713450693,-0.785821004,-0.741100512,dataset/images/maksssksksss570.png,"[57, 179, 63, 63]",0
,,,,,,,
-0.041391769,0.120930002,-0.522391908,-0.785821004,-0.741100512,dataset/images/maksssksksss571.png,"[106, 182, 99, 99]",0
,,,,,,,
-0.670648378,-0.702969642,-0.713450693,-0.785821004,-0.741100512,dataset/images/maksssksksss572.png,"[242, 11, 50, 50]",0
,,,,,,,
-0.629900986,-0.702969642,-0.713450693,-0.785821004,-0.741100512,dataset/images/maksssksksss572.png,"[85, 75, 36, 36]",0
,,,,,,,
-0.364157716,-0.702969642,-0.713450693,-0.785821004,-0.741100512,dataset/images/maksssksksss572.png,"[141, 86, 35, 35]",0
,,,,,,,
-0.337653836,-0.702969642,-0.713450693,-0.785821004,-0.741100512,dataset/images/maksssksksss573.png,"[478, 137, 26, 26]",0
,,,,,,,
-0.94109055,-0.88908955,-0.713450693,-0.785821004,-0.741100512,dataset/images/maksssksksss573.png,"[438, 37, 62, 62]",1
,,,,,,,
-0.035422957,-0.277872256,-0.713450693,-0.785821004,-0.741100512,dataset/images/maksssksksss574.png,"[87, 9, 63, 63]",1
,,,,,,,
-0.788005549,-0.702969642,-0.713450693,-0.785821004,-0.741100512,dataset/images/maksssksksss575.png,"[224, 151, 32, 32]",1
,,,,,,,
-0.515277415,-0.557786909,-0.129365822,-0.785821004,-0.741100512,dataset/images/maksssksksss576.png,"[166, 60, 101, 101]",1
,,,,,,,
-0.693671329,-0.378823919,-0.713450693,-0.785821004,-0.741100512,dataset/images/maksssksksss578.png,"[216, 116, 77, 77]",0
,,,,,,,
-0.289352937,-0.702969642,-0.713450693,-0.785821004,-0.741100512,dataset/images/maksssksksss579.png,"[200, 120, 51, 51]",1
,,,,,,,
0.402697,0.005004298,-0.012667388,-0.785821004,0.129906568,dataset/images/maksssksksss581.png,"[67, 172, 155, 155]",1
,,,,,,,
0.309038402,-0.702969642,-0.713450693,-0.785821004,-0.741100512,dataset/images/maksssksksss583.png,"[264, 37, 93, 93]",1
,,,,,,,
-0.289049062,0.017589568,-0.713450693,-0.785821004,-0.741100512,dataset/images/maksssksksss587.png,"[28, 112, 97, 97]",1
,,,,,,,
-0.694361596,-0.702969642,-0.713450693,-0.785821004,-0.741100512,dataset/images/maksssksksss587.png,"[49, 190, 67, 67]",0
,,,,,,,
-0.62072722,0.220534434,-0.713450693,-0.785821004,-0.741100512,dataset/images/maksssksksss589.png,"[207, 151, 51, 51]",0
,,,,,,,
-0.068372737,-0.702969642,-0.713450693,-1,-0.741100512,dataset/images/maksssksksss590.png,"[68, 164, 121, 121]",1
,,,,,,,
-0.690990204,-0.702969642,-0.713450693,-0.785821004,-0.741100512,dataset/images/maksssksksss591.png,"[220, 141, 86, 86]",0
,,,,,,,
-0.497875953,0.766699318,-0.713450693,-0.785821004,-0.741100512,dataset/images/maksssksksss592.png,"[295, 247, 91, 91]",1
,,,,,,,
-0.53667661,-0.702969642,-0.713450693,-0.785821004,-0.741100512,dataset/images/maksssksksss594.png,"[228, 153, 50, 50]",0
,,,,,,,
-0.126702658,-0.288801071,-0.713450693,-0.785821004,-0.741100512,dataset/images/maksssksksss597.png,"[268, 105, 64, 64]",0
,,,,,,,
-0.712248045,-0.654576937,-0.479856526,-0.547674802,-0.541928101,dataset/images/maksssksksss598.png,"[96, 183, 144, 144]",1
,,,,,,,
-0.635016112,-0.702969642,-0.713450693,-0.785821004,-0.741100512,dataset/images/maksssksksss6.png,"[429, 162, 103, 103]",0
,,,,,,,
-0.077720029,-0.392834154,-0.434435968,-0.785821004,-0.741100512,dataset/images/maksssksksss60.png,"[61, 168, 112, 112]",1
,,,,,,,
0.026612425,-0.091372432,0.352826666,-0.785821004,-0.741100512,dataset/images/maksssksksss600.png,"[135, 47, 126, 126]",1
,,,,,,,
0.011256959,-0.702969642,-0.713450693,-0.785821004,-0.741100512,dataset/images/maksssksksss602.png,"[227, 18, 35, 35]",1
,,,,,,,
-0.487262097,-0.702969642,-0.713450693,-0.785821004,-0.741100512,dataset/images/maksssksksss604.png,"[62, 120, 73, 73]",0
,,,,,,,
-0.108882354,-0.664416994,-0.508646459,-0.785821004,-0.741100512,dataset/images/maksssksksss607.png,"[58, 42, 104, 104]",1
,,,,,,,
-0.245499668,-0.202659055,-0.209096546,-0.785821004,-0.741100512,dataset/images/maksssksksss607.png,"[215, 43, 162, 162]",1
,,,,,,,
0.473073121,0.373631552,0.694496228,0.759856969,1,dataset/images/maksssksksss609.png,"[70, 59, 186, 186]",0
,,,,,,,
-0.578085972,0.472636471,0.131219487,-0.17387482,-0.415042614,dataset/images/maksssksksss614.png,"[71, 106, 186, 186]",1
,,,,,,,
-0.643319741,-0.702969642,-0.713450693,-0.785821004,-0.741100512,dataset/images/maksssksksss614.png,"[111, 68, 52, 52]",0
,,,,,,,
0.138558788,0.061165266,-0.713450693,-0.710770726,-0.741100512,dataset/images/maksssksksss615.png,"[79, 253, 93, 93]",0
,,,,,,,
0.347592898,0.233337773,-0.713450693,-0.377544773,-0.741100512,dataset/images/maksssksksss618.png,"[103, 147, 122, 122]",0
,,,,,,,
-0.25451128,-0.702969642,-0.713450693,-0.785821004,-0.741100512,dataset/images/maksssksksss619.png,"[92, 182, 53, 53]",0
,,,,,,,
-0.418210564,-0.702969642,-0.713450693,-0.785821004,-0.741100512,dataset/images/maksssksksss619.png,"[167, 66, 33, 33]",0
,,,,,,,
-0.024845813,-0.702969642,-0.713450693,-0.813578677,-0.741100512,dataset/images/maksssksksss619.png,"[40, 123, 54, 54]",0
,,,,,,,
-0.428054622,-0.702969642,-0.713450693,-0.785821004,-0.741100512,dataset/images/maksssksksss620.png,"[217, 123, 35, 35]",0
,,,,,,,
-0.597100117,-0.702969642,-0.713450693,-0.785821004,-0.741100512,dataset/images/maksssksksss622.png,"[193, 36, 142, 142]",0
,,,,,,,
-0.444882597,0.53454886,0.406966684,-0.785821004,-0.741100512,dataset/images/maksssksksss624.png,"[77, 172, 132, 132]",0
,,,,,,,
-0.353511622,-0.702969642,-0.713450693,-0.785821004,-0.741100512,dataset/images/maksssksksss625.png,"[272, 35, 65, 65]",0
,,,,,,,
-0.286854615,-0.702969642,-0.713450693,-0.785821004,-0.741100512,dataset/images/maksssksksss627.png,"[158, 65, 61, 61]",0
,,,,,,,
0.056361153,-0.124805902,-0.233019962,-0.785821004,-0.741100512,dataset/images/maksssksksss629.png,"[123, 213, 137, 137]",1
,,,,,,,
-0.406735096,-0.702969642,-0.713450693,-0.785821004,-0.741100512,dataset/images/maksssksksss63.png,"[129, 139, 64, 64]",0
,,,,,,,
-0.287726134,-0.708154644,-0.713450693,-0.785821004,-0.880543388,dataset/images/maksssksksss63.png,"[120, 46, 162, 162]",1
,,,,,,,
-0.566171787,-0.702969642,-0.713450693,-0.785821004,-0.741100512,dataset/images/maksssksksss633.png,"[80, 31, 26, 26]",0
,,,,,,,
-0.608328765,-0.702969642,-0.713450693,-0.785821004,-0.741100512,dataset/images/maksssksksss633.png,"[118, 138, 49, 49]",0
,,,,,,,
-0.242585386,-0.055296509,-0.713450693,-0.785821004,-0.741100512,dataset/images/maksssksksss635.png,"[59, 78, 207, 207]",1
,,,,,,,
0.042655783,-0.702969642,-0.713450693,-0.785821004,-0.741100512,dataset/images/maksssksksss636.png,"[281, 46, 56, 56]",0
,,,,,,,
-0.123790896,0.039167136,-0.713450693,-0.785821004,-0.741100512,dataset/images/maksssksksss637.png,"[16, 17, 59, 59]",1
,,,,,,,
-0.573414933,-0.702969642,-0.713450693,-0.785821004,-0.741100512,dataset/images/maksssksksss639.png,"[332, 41, 38, 38]",1
,,,,,,,
-0.382321839,-0.702969642,-0.713450693,-0.785821004,-0.741100512,dataset/images/maksssksksss640.png,"[170, 61, 31, 31]",1
,,,,,,,
-0.428413774,-0.702969642,-0.713450693,-0.785821004,-0.741100512,dataset/images/maksssksksss640.png,"[27, 132, 26, 26]",0
,,,,,,,
-0.441863922,-0.702969642,-0.713450693,-0.785821004,-0.741100512,dataset/images/maksssksksss640.png,"[113, 75, 52, 52]",1
,,,,,,,
0.089373129,0.3916521,-0.713450693,-0.785821004,-0.741100512,dataset/images/maksssksksss641.png,"[46, 189, 67, 67]",0
,,,,,,,
-0.082519792,-0.702969642,-0.713450693,-0.785821004,-0.741100512,dataset/images/maksssksksss641.png,"[206, 267, 44, 44]",0
,,,,,,,
-0.608144161,-0.222673028,-0.713450693,-0.785821004,-0.741100512,dataset/images/maksssksksss642.png,"[78, 172, 134, 134]",0
,,,,,,,
-0.064047323,0.342016203,0.448782426,-0.785821004,-0.741100512,dataset/images/maksssksksss644.png,"[45, 171, 142, 142]",1
,,,,,,,
-0.066192245,-0.702969642,-0.713450693,-0.785821004,-0.741100512,dataset/images/maksssksksss644.png,"[143, 246, 108, 108]",0
,,,,,,,
-0.029647979,0.160038771,0.566839247,-0.785821004,-0.741100512,dataset/images/maksssksksss645.png,"[44, 156, 147, 147]",1
,,,,,,,
0.088508443,-0.023513956,0.002256833,-0.785821004,-0.741100512,dataset/images/maksssksksss646.png,"[72, 170, 154, 154]",1
,,,,,,,
-0.748943136,-0.702969642,-0.713450693,-0.785821004,-0.741100512,dataset/images/maksssksksss647.png,"[297, 124, 43, 43]",1
,,,,,,,
-0.481286455,-0.178372648,-0.336056056,-0.785821004,-0.741100512,dataset/images/maksssksksss647.png,"[184, 126, 90, 90]",0
,,,,,,,
-0.442358152,-0.702969642,-0.713450693,-0.785821004,-0.741100512,dataset/images/maksssksksss647.png,"[308, 37, 45, 45]",0
,,,,,,,
-0.31296012,-0.702969642,-0.713450693,-0.785821004,-0.741100512,dataset/images/maksssksksss647.png,"[183, 48, 31, 31]",0
,,,,,,,
-0.406038538,-0.480385657,-0.713450693,-0.785821004,-0.741100512,dataset/images/maksssksksss649.png,"[141, 241, 115, 115]",1
,,,,,,,
-0.553798408,-0.702969642,-0.713450693,-0.785821004,-0.741100512,dataset/images/maksssksksss652.png,"[231, 207, 64, 64]",0
,,,,,,,
-0.726232195,-0.702969642,-0.713450693,-0.785821004,-0.741100512,dataset/images/maksssksksss655.png,"[47, 293, 35, 35]",0
,,,,,,,
-0.709788093,-0.702969642,-0.713450693,-0.785821004,-0.741100512,dataset/images/maksssksksss655.png,"[48, 211, 35, 35]",0
,,,,,,,
-0.039190918,0.773758401,0.225500887,-0.228123812,-0.114100128,dataset/images/maksssksksss655.png,"[89, 149, 138, 138]",1
,,,,,,,
-0.438246532,-0.702969642,-0.713450693,-0.785821004,-0.741100512,dataset/images/maksssksksss656.png,"[287, 98, 31, 31]",0
,,,,,,,
-0.075093726,0.026446554,-0.110790457,-0.785821004,-0.741100512,dataset/images/maksssksksss658.png,"[56, 5, 166, 166]",1
,,,,,,,
-0.407132909,-0.416398006,-0.713450693,-0.785821004,-0.741100512,dataset/images/maksssksksss659.png,"[70, 289, 138, 138]",0
,,,,,,,
-0.432314978,-0.565212792,-0.333609164,-0.785821004,-0.741100512,dataset/images/maksssksksss66.png,"[59, 285, 60, 60]",0
,,,,,,,
-0.651424918,-0.702969642,-0.713450693,-0.785821004,-0.741100512,dataset/images/maksssksksss66.png,"[280, 284, 78, 78]",0
,,,,,,,
0.177231337,0.035641779,0.357276375,-0.785821004,-0.741100512,dataset/images/maksssksksss660.png,"[120, 116, 121, 121]",0
,,,,,,,
-0.093697398,0.494902222,0.324678983,-0.785821004,-0.741100512,dataset/images/maksssksksss663.png,"[57, 173, 112, 112]",1
,,,,,,,
-0.886983425,0.680253407,-0.713450693,-0.785821004,-0.741100512,dataset/images/maksssksksss664.png,"[102, 56, 72, 72]",1
,,,,,,,
-0.888043309,-0.250585337,-0.713450693,-0.785821004,-0.741100512,dataset/images/maksssksksss665.png,"[2, 148, 87, 87]",1
,,,,,,,
-0.42655547,-0.180930019,-0.713450693,-0.785821004,-0.741100512,dataset/images/maksssksksss665.png,"[314, 124, 82, 82]",1
,,,,,,,
-0.263779461,-0.231949548,-0.16009649,-0.785821004,-0.741100512,dataset/images/maksssksksss665.png,"[172, 101, 104, 104]",1
,,,,,,,
-0.275457694,-0.702969642,-0.713450693,-0.785821004,-0.741100512,dataset/images/maksssksksss665.png,"[112, 78, 71, 71]",1
,,,,,,,
-0.412216218,-0.702969642,-0.713450693,-0.785821004,-0.741100512,dataset/images/maksssksksss667.png,"[298, 161, 27, 27]",0
,,,,,,,
-0.536966264,-0.518780252,-0.331098778,-0.785821004,-0.741100512,dataset/images/maksssksksss667.png,"[282, 56, 75, 75]",1
,,,,,,,
-0.404947109,-0.702969642,-0.713450693,-0.785821004,-0.741100512,dataset/images/maksssksksss667.png,"[340, 71, 58, 58]",1
,,,,,,,
-0.017037119,-0.702969642,-0.713450693,-0.785821004,-0.741100512,dataset/images/maksssksksss668.png,"[35, 236, 92, 92]",1
,,,,,,,
-0.247132776,-0.702969642,-0.713450693,-0.785821004,-0.741100512,dataset/images/maksssksksss672.png,"[12, 227, 50, 50]",0
,,,,,,,
-0.359876708,-0.702969642,-0.713450693,-0.785821004,-0.741100512,dataset/images/maksssksksss672.png,"[199, 251, 32, 32]",0
,,,,,,,
0.060720009,-0.462062103,-0.713450693,-0.785821004,-0.741100512,dataset/images/maksssksksss673.png,"[165, 186, 41, 41]",1
,,,,,,,
-0.454904123,-0.702969642,-0.713450693,-0.785821004,-0.741100512,dataset/images/maksssksksss673.png,"[280, 166, 40, 40]",0
,,,,,,,
-0.677232821,-0.702969642,-0.713450693,-0.785821004,-0.741100512,dataset/images/maksssksksss677.png,"[38, 105, 56, 56]",0
,,,,,,,
0.090698954,0.142146394,0.15702997,-0.763257406,-0.741100512,dataset/images/maksssksksss679.png,"[118, 48, 93, 93]",1
,,,,,,,
-0.08429384,-0.295664276,-0.713450693,-0.785821004,-0.741100512,dataset/images/maksssksksss68.png,"[55, 219, 101, 101]",0
,,,,,,,
0.406905718,-0.327726654,0.324993832,-0.785821004,-0.741100512,dataset/images/maksssksksss68.png,"[125, 168, 108, 108]",1
,,,,,,,
-0.501059393,-0.702969642,-0.713450693,-0.785821004,-0.741100512,dataset/images/maksssksksss682.png,"[190, 68, 33, 33]",1
,,,,,,,
-0.883963794,-0.702969642,-0.713450693,-0.785821004,-0.741100512,dataset/images/maksssksksss682.png,"[245, 102, 32, 32]",0
,,,,,,,
-0.519547109,-0.702969642,-0.713450693,-0.785821004,-0.741100512,dataset/images/maksssksksss683.png,"[19, 28, 65, 65]",0
,,,,,,,
0.388855341,0.126674609,0.780586269,-0.109904134,-0.443606163,dataset/images/maksssksksss683.png,"[78, 48, 159, 159]",1
,,,,,,,
-0.015419524,-0.702969642,-0.713450693,-0.785821004,-0.741100512,dataset/images/maksssksksss686.png,"[47, 151, 129, 129]",1
,,,,,,,
0.106917874,-0.624076787,-0.343642076,-0.785821004,-0.521851505,dataset/images/maksssksksss687.png,"[40, 188, 143, 143]",1
,,,,,,,
-0.628881974,-0.702969642,-0.713450693,-0.785821004,-0.741100512,dataset/images/maksssksksss687.png,"[187, 182, 69, 69]",0
,,,,,,,
0.026444425,-0.702969642,-0.713450693,-0.785821004,-0.741100512,dataset/images/maksssksksss688.png,"[185, 146, 51, 51]",0
,,,,,,,
-0.395801557,0.246635308,0.156272485,-0.785821004,-0.741100512,dataset/images/maksssksksss688.png,"[153, 38, 121, 121]",1
,,,,,,,
-0.677518293,-0.013040558,-0.713450693,-0.785821004,-0.741100512,dataset/images/maksssksksss688.png,"[168, 185, 87, 87]",0
,,,,,,,
-0.277718553,-0.702969642,-0.713450693,-0.785821004,-0.741100512,dataset/images/maksssksksss69.png,"[83, 294, 50, 50]",0
,,,,,,,
-0.438246532,-0.702969642,-0.713450693,-0.785821004,-0.741100512,dataset/images/maksssksksss690.png,"[287, 98, 31, 31]",0
,,,,,,,
-0.593342356,-0.702969642,-0.713450693,-0.785821004,-0.741100512,dataset/images/maksssksksss691.png,"[284, 110, 48, 48]",0
,,,,,,,
-0.255617646,0.112386901,-0.713450693,-0.451108157,-0.741100512,dataset/images/maksssksksss692.png,"[70, 203, 100, 100]",1
,,,,,,,
0.063852106,-0.380459091,-0.713450693,-0.785821004,-0.741100512,dataset/images/maksssksksss693.png,"[106, 19, 86, 86]",0
,,,,,,,
-0.706481847,-0.301139658,-0.713450693,-0.785821004,-0.741100512,dataset/images/maksssksksss693.png,"[105, 107, 60, 60]",0
,,,,,,,
-0.424881777,-0.702969642,-0.713450693,-0.785821004,-0.741100512,dataset/images/maksssksksss693.png,"[117, 48, 90, 90]",0
,,,,,,,
-0.028574556,-0.702969642,-0.713450693,-0.785821004,-0.741100512,dataset/images/maksssksksss694.png,"[86, 186, 30, 30]",0
,,,,,,,
-0.383547217,-0.702969642,-0.713450693,-0.785821004,-0.741100512,dataset/images/maksssksksss694.png,"[165, 141, 58, 58]",0
,,,,,,,
-0.2263799,-0.702969642,-0.713450693,-0.785821004,-0.741100512,dataset/images/maksssksksss694.png,"[148, 103, 32, 32]",1
,,,,,,,
-0.526622138,-0.702969642,-0.713450693,-0.785821004,-0.741100512,dataset/images/maksssksksss694.png,"[247, 190, 26, 26]",0
,,,,,,,
-0.308277963,-0.702969642,-0.713450693,-0.785821004,-0.741100512,dataset/images/maksssksksss695.png,"[166, 134, 27, 27]",0
,,,,,,,
-0.409404778,-0.702969642,-0.713450693,-0.785821004,-0.741100512,dataset/images/maksssksksss695.png,"[258, 44, 105, 105]",0
,,,,,,,
0.104448681,-0.702969642,-0.713450693,-0.785821004,-0.741100512,dataset/images/maksssksksss695.png,"[73, 127, 64, 64]",0
,,,,,,,
-0.366193771,-0.702969642,-0.713450693,-0.785821004,-0.741100512,dataset/images/maksssksksss695.png,"[62, 45, 55, 55]",0
,,,,,,,
-0.089509719,-0.702969642,-0.713450693,-0.785821004,-0.741100512,dataset/images/maksssksksss695.png,"[317, 121, 30, 30]",0
,,,,,,,
-0.14672148,-0.702969642,-0.713450693,-0.785821004,-0.741100512,dataset/images/maksssksksss698.png,"[26, 104, 36, 36]",0
,,,,,,,
-0.313430608,-0.702969642,-0.713450693,-0.785821004,-0.741100512,dataset/images/maksssksksss698.png,"[269, 48, 52, 52]",0
,,,,,,,
-0.662012823,-0.702969642,-0.713450693,-0.785821004,-0.741100512,dataset/images/maksssksksss698.png,"[262, 135, 66, 66]",0
,,,,,,,
0.329129912,-0.702969642,-0.713450693,-0.785821004,-0.741100512,dataset/images/maksssksksss699.png,"[229, 123, 65, 65]",0
,,,,,,,
-0.382427738,-0.702969642,-0.713450693,-0.785821004,-0.741100512,dataset/images/maksssksksss699.png,"[274, 10, 54, 54]",0
,,,,,,,
-0.510516677,-0.702969642,-0.713450693,-0.785821004,-0.741100512,dataset/images/maksssksksss699.png,"[14, 189, 59, 59]",0
,,,,,,,
0.180031051,-0.702969642,-0.713450693,-0.785821004,-0.741100512,dataset/images/maksssksksss699.png,"[15, 74, 58, 58]",0
,,,,,,,
0.045667326,-0.702969642,-0.713450693,-0.785821004,-0.741100512,dataset/images/maksssksksss699.png,"[335, 89, 58, 58]",0
,,,,,,,
-0.37021904,-0.702969642,-0.713450693,-0.785821004,-0.741100512,dataset/images/maksssksksss699.png,"[332, 106, 58, 58]",0
,,,,,,,
-0.225778637,-0.702969642,-0.713450693,-0.785821004,-0.741100512,dataset/images/maksssksksss700.png,"[146, 122, 37, 37]",1
,,,,,,,
-0.33190005,-0.702969642,-0.713450693,-0.785821004,-0.741100512,dataset/images/maksssksksss700.png,"[142, 138, 58, 58]",0
,,,,,,,
0.394695757,0.232924017,0.511232527,-0.72360655,0.151404017,dataset/images/maksssksksss701.png,"[82, 130, 120, 120]",0
,,,,,,,
-0.652465416,-0.702969642,-0.713450693,-0.785821004,-0.741100512,dataset/images/maksssksksss702.png,"[261, 162, 27, 27]",0
,,,,,,,
0.258502626,-0.261397918,-0.073893133,-0.785821004,-0.741100512,dataset/images/maksssksksss702.png,"[475, 67, 64, 64]",1
,,,,,,,
0.330280493,-0.702969642,-0.713450693,-0.785821004,-0.741100512,dataset/images/maksssksksss702.png,"[527, 86, 54, 54]",0
,,,,,,,
-0.199307684,-0.702969642,-0.713450693,-0.951277987,-0.741100512,dataset/images/maksssksksss702.png,"[61, 120, 119, 119]",0
,,,,,,,
-0.110764943,-0.093045976,-0.061921324,-0.785821004,-0.741100512,dataset/images/maksssksksss702.png,"[360, 178, 79, 79]",0
,,,,,,,
-0.250373694,-0.702969642,-0.713450693,-0.785821004,-0.741100512,dataset/images/maksssksksss703.png,"[94, 162, 43, 43]",0
,,,,,,,
-0.384667255,-0.702969642,-0.713450693,-0.785821004,-0.741100512,dataset/images/maksssksksss703.png,"[173, 99, 26, 26]",1
,,,,,,,
-0.743002102,-0.139295916,-0.713450693,-0.785821004,-0.741100512,dataset/images/maksssksksss704.png,"[2, 146, 91, 91]",1
,,,,,,,
-0.550996871,-0.385647467,-0.315365171,-0.785821004,-0.741100512,dataset/images/maksssksksss704.png,"[317, 125, 79, 79]",1
,,,,,,,
-0.312716501,-0.702969642,-0.713450693,-0.785821004,-0.741100512,dataset/images/maksssksksss704.png,"[110, 78, 71, 71]",1
,,,,,,,
-0.174777647,-0.394604011,-0.278871648,-0.785821004,-0.741100512,dataset/images/maksssksksss704.png,"[174, 101, 106, 106]",1
,,,,,,,
0.074289189,-0.702969642,-0.713450693,-0.785821004,-0.741100512,dataset/images/maksssksksss706.png,"[51, 180, 66, 66]",1
,,,,,,,
-0.062680886,-0.435206125,-0.713450693,-0.785821004,-0.741100512,dataset/images/maksssksksss708.png,"[83, 158, 51, 51]",0
,,,,,,,
-0.213953351,-0.465212411,-0.713450693,-0.785821004,-0.741100512,dataset/images/maksssksksss708.png,"[203, 48, 81, 81]",1
,,,,,,,
-0.610533925,-0.250803961,-0.713450693,-0.785821004,-0.741100512,dataset/images/maksssksksss709.png,"[19, 155, 114, 114]",1
,,,,,,,
-0.03200189,-0.702969642,-0.713450693,-0.785821004,-0.741100512,dataset/images/maksssksksss710.png,"[227, 41, 62, 62]",1
,,,,,,,
-0.057273552,-0.702969642,-0.713450693,-0.785821004,-0.741100512,dataset/images/maksssksksss710.png,"[15, 133, 54, 54]",0
,,,,,,,
-0.230439741,-0.702969642,-0.713450693,-0.785821004,-0.741100512,dataset/images/maksssksksss710.png,"[131, 50, 58, 58]",1
,,,,,,,
-0.616957052,-0.008159704,0.038309623,-0.785821004,-0.741100512,dataset/images/maksssksksss713.png,"[225, 54, 118, 118]",1
,,,,,,,
-0.613927505,-0.702969642,-0.713450693,-0.785821004,-0.741100512,dataset/images/maksssksksss714.png,"[77, 135, 34, 34]",1
,,,,,,,
0.427617315,0.558126176,-0.715718125,-0.33839961,-0.63691514,dataset/images/maksssksksss716.png,"[82, 142, 152, 152]",0
,,,,,,,
-0.086544793,-0.360377387,-0.34622262,-0.785821004,-0.741100512,dataset/images/maksssksksss717.png,"[287, 68, 96, 96]",1
,,,,,,,
-0.384943377,-0.702969642,-0.713450693,-0.785821004,-0.741100512,dataset/images/maksssksksss72.png,"[226, 132, 52, 52]",0
,,,,,,,
-0.373923207,-0.702969642,-0.713450693,-0.66344908,-0.741100512,dataset/images/maksssksksss72.png,"[228, 166, 56, 56]",0
,,,,,,,
-0.369428566,-0.702969642,-0.713450693,-0.785821004,-0.741100512,dataset/images/maksssksksss72.png,"[224, 42, 35, 35]",0
,,,,,,,
-0.210299685,-0.702969642,-0.713450693,-0.785821004,-0.741100512,dataset/images/maksssksksss72.png,"[222, 66, 47, 47]",0
,,,,,,,
0.481987456,-0.074426013,0.239194562,-0.447503146,0.208151347,dataset/images/maksssksksss72.png,"[101, 149, 118, 118]",0
,,,,,,,
-0.293951676,-0.264690956,-0.713450693,-0.785821004,-0.741100512,dataset/images/maksssksksss720.png,"[157, 53, 84, 84]",1
,,,,,,,
-0.609774733,-0.702969642,-0.713450693,-0.785821004,-0.741100512,dataset/images/maksssksksss720.png,"[6, 155, 56, 56]",0
,,,,,,,
-0.673373034,-0.702969642,-0.713450693,-0.785821004,-0.741100512,dataset/images/maksssksksss720.png,"[65, 95, 73, 73]",1
,,,,,,,
-0.688287872,-0.702969642,-0.713450693,-0.785821004,-0.741100512,dataset/images/maksssksksss724.png,"[37, 162, 26, 26]",0
,,,,,,,
-0.553096025,-0.456098287,-0.290793296,-0.785821004,-0.741100512,dataset/images/maksssksksss724.png,"[149, 121, 104, 104]",0
,,,,,,,
-0.68353204,-0.702969642,-0.713450693,-0.785821004,-0.741100512,dataset/images/maksssksksss725.png,"[237, 294, 40, 40]",0
,,,,,,,
-0.85701509,-0.702969642,-0.713450693,-0.785821004,-0.741100512,dataset/images/maksssksksss725.png,"[240, 322, 42, 42]",0
,,,,,,,
-0.676577299,-0.702969642,-0.713450693,-0.785821004,-0.741100512,dataset/images/maksssksksss725.png,"[231, 240, 35, 35]",0
,,,,,,,
0.408739064,0.043576777,0.507886184,-0.785821004,0.237427851,dataset/images/maksssksksss725.png,"[29, 192, 125, 125]",0
,,,,,,,
-0.866142085,-0.702969642,-0.713450693,-0.785821004,-0.741100512,dataset/images/maksssksksss726.png,"[328, 195, 31, 31]",0
,,,,,,,
0.350793947,-0.674808321,-0.713450693,-0.238004085,-0.741100512,dataset/images/maksssksksss729.png,"[87, 266, 98, 98]",0
,,,,,,,
-0.234652661,-0.702969642,-0.713450693,-0.785821004,-0.741100512,dataset/images/maksssksksss730.png,"[115, 171, 39, 39]",0
,,,,,,,
-0.405195225,0.087646449,-0.713450693,-0.785821004,-0.741100512,dataset/images/maksssksksss731.png,"[20, 143, 121, 121]",0
,,,,,,,
-0.484477439,-0.702969642,-0.713450693,-0.785821004,-0.741100512,dataset/images/maksssksksss732.png,"[197, 51, 25, 25]",1
,,,,,,,
-0.655703283,-0.702969642,-0.713450693,-0.785821004,-0.741100512,dataset/images/maksssksksss732.png,"[321, 179, 31, 31]",0
,,,,,,,
-0.341953132,-0.229801448,-0.713450693,-0.785821004,-0.741100512,dataset/images/maksssksksss734.png,"[77, 74, 87, 87]",1
,,,,,,,
-0.530237008,-0.702969642,-0.713450693,-0.785821004,-0.741100512,dataset/images/maksssksksss734.png,"[86, 31, 63, 63]",0
,,,,,,,
-0.328280129,-0.702969642,-0.713450693,-0.785821004,-0.741100512,dataset/images/maksssksksss738.png,"[81, 37, 46, 46]",1
,,,,,,,
-0.35910661,-0.702969642,-0.713450693,-0.785821004,-0.741100512,dataset/images/maksssksksss74.png,"[84, 126, 54, 54]",1
,,,,,,,
-0.125439069,-0.702969642,-0.713450693,-0.785821004,-0.741100512,dataset/images/maksssksksss74.png,"[349, 108, 50, 50]",1
,,,,,,,
-0.497520852,-0.702969642,-0.713450693,-0.785821004,-0.741100512,dataset/images/maksssksksss740.png,"[227, 134, 26, 26]",0
,,,,,,,
-0.203990568,-0.702969642,-0.713450693,-0.785821004,-0.741100512,dataset/images/maksssksksss741.png,"[163, 32, 25, 25]",0
,,,,,,,
0.319994387,0.198165041,-0.713450693,-0.785821004,-0.741100512,dataset/images/maksssksksss743.png,"[105, 150, 110, 110]",1
,,,,,,,
-0.000995714,-0.127837342,0.369100096,-0.681468696,-0.248065088,dataset/images/maksssksksss748.png,"[169, 34, 124, 124]",1
,,,,,,,
-0.207636837,-0.702969642,-0.713450693,-0.785821004,-0.741100512,dataset/images/maksssksksss749.png,"[90, 95, 31, 31]",1
,,,,,,,
-0.31172568,-0.702969642,-0.713450693,-0.785821004,-0.741100512,dataset/images/maksssksksss749.png,"[62, 152, 74, 74]",0
,,,,,,,
-0.302849701,-0.702969642,-0.713450693,-0.785821004,-0.741100512,dataset/images/maksssksksss750.png,"[105, 15, 67, 67]",0
,,,,,,,
-0.11832427,-0.702969642,-0.713450693,-0.785821004,-0.741100512,dataset/images/maksssksksss750.png,"[241, 150, 40, 40]",0
,,,,,,,
-0.5968604,-0.702969642,-0.713450693,-0.785821004,-0.741100512,dataset/images/maksssksksss752.png,"[102, 21, 35, 35]",0
,,,,,,,
-0.592761202,-0.702969642,-0.713450693,-0.785821004,-0.741100512,dataset/images/maksssksksss753.png,"[219, 203, 55, 55]",0
,,,,,,,
-0.602389812,-0.702969642,-0.713450693,-0.785821004,-0.741100512,dataset/images/maksssksksss756.png,"[213, 35, 40, 40]",1
,,,,,,,
0.700187226,0.404306388,0.450833703,1,-0.64681672,dataset/images/maksssksksss757.png,"[83, 151, 155, 155]",0
,,,,,,,
-0.586579465,-0.702969642,-0.713450693,-0.785821004,-0.741100512,dataset/images/maksssksksss758.png,"[329, 191, 29, 29]",0
,,,,,,,
0.208810433,-0.702969642,-0.713450693,-0.19598348,-0.31969285,dataset/images/maksssksksss759.png,"[268, 76, 64, 64]",0
,,,,,,,
-0.329387068,-0.702969642,-0.713450693,-0.785821004,-0.741100512,dataset/images/maksssksksss760.png,"[168, 24, 45, 45]",0
,,,,,,,
0.412229072,-0.213138505,-0.207261734,-0.785821004,-0.741100512,dataset/images/maksssksksss762.png,"[138, 140, 142, 142]",1
,,,,,,,
-0.693664499,-0.702969642,-0.713450693,-0.785821004,-0.741100512,dataset/images/maksssksksss765.png,"[61, 266, 28, 28]",1
,,,,,,,
-0.716451215,-0.702969642,-0.713450693,-0.785821004,-0.741100512,dataset/images/maksssksksss768.png,"[78, 110, 31, 31]",0
,,,,,,,
-0.115389181,-0.702969642,-0.713450693,-0.785821004,-0.741100512,dataset/images/maksssksksss774.png,"[57, 22, 52, 52]",1
,,,,,,,
-0.1506496,-0.106269126,-0.54285725,-0.785821004,-0.741100512,dataset/images/maksssksksss774.png,"[117, 70, 60, 60]",1
,,,,,,,
-0.137085862,-0.702969642,-0.713450693,-0.785821004,-0.741100512,dataset/images/maksssksksss774.png,"[246, 26, 56, 56]",1
,,,,,,,
-0.426528395,-0.702969642,-0.713450693,-0.785821004,-0.741100512,dataset/images/maksssksksss777.png,"[186, 48, 37, 37]",1
,,,,,,,
-0.526334556,-0.702969642,-0.713450693,-0.785821004,-0.741100512,dataset/images/maksssksksss777.png,"[137, 80, 28, 28]",0
,,,,,,,
-0.191756722,-0.324116626,-0.713450693,-0.785821004,-0.741100512,dataset/images/maksssksksss779.png,"[261, 35, 125, 125]",0
,,,,,,,
-0.71256172,-0.702969642,-0.713450693,-0.785821004,-0.741100512,dataset/images/maksssksksss779.png,"[165, 158, 36, 36]",0
,,,,,,,
-0.505839262,-0.702969642,-0.713450693,-0.785821004,-0.741100512,dataset/images/maksssksksss780.png,"[90, 41, 67, 67]",1
,,,,,,,
-0.542038011,-0.646108561,-0.214049976,-0.785821004,-0.801614358,dataset/images/maksssksksss781.png,"[72, 183, 133, 133]",1
,,,,,,,
-0.497054261,-0.702969642,-0.713450693,-0.785821004,-0.741100512,dataset/images/maksssksksss783.png,"[13, 21, 25, 25]",0
,,,,,,,
-0.749442256,-0.702969642,-0.713450693,-0.785821004,-0.741100512,dataset/images/maksssksksss783.png,"[328, 22, 26, 26]",1
,,,,,,,
0.159401669,0.055873769,-0.713450693,-0.785821004,-0.741100512,dataset/images/maksssksksss783.png,"[214, 153, 82, 82]",0
,,,,,,,
-0.329083984,-0.315737391,-0.713450693,-0.785821004,-0.741100512,dataset/images/maksssksksss783.png,"[309, 131, 73, 73]",0
,,,,,,,
-0.35365647,-0.404208428,-0.713450693,-0.785821004,-0.741100512,dataset/images/maksssksksss783.png,"[174, 110, 100, 100]",0
,,,,,,,
-0.4128151,-0.702969642,-0.713450693,-0.785821004,-0.741100512,dataset/images/maksssksksss784.png,"[13, 53, 29, 29]",0
,,,,,,,
-0.539383678,-0.702969642,-0.713450693,-0.785821004,-0.741100512,dataset/images/maksssksksss784.png,"[173, 52, 33, 33]",1
,,,,,,,
-0.345770466,-0.702969642,-0.713450693,-0.785821004,-0.741100512,dataset/images/maksssksksss784.png,"[39, 53, 36, 36]",1
,,,,,,,
-0.647381102,-0.702969642,-0.713450693,-0.785821004,-0.741100512,dataset/images/maksssksksss784.png,"[87, 73, 32, 32]",1
,,,,,,,
-0.136397844,-0.702969642,-0.713450693,-0.785821004,-0.741100512,dataset/images/maksssksksss784.png,"[7, 91, 80, 80]",0
,,,,,,,
-0.197013216,-0.702969642,-0.713450693,-0.785821004,-0.741100512,dataset/images/maksssksksss784.png,"[134, 76, 36, 36]",1
,,,,,,,
-0.559450202,-0.364850607,-0.713450693,-0.785821004,-0.741100512,dataset/images/maksssksksss785.png,"[109, 69, 117, 117]",0
,,,,,,,
-0.175843688,-0.378803206,-0.706858961,-0.785821004,-0.741100512,dataset/images/maksssksksss786.png,"[167, 35, 63, 63]",1
,,,,,,,
-0.393767738,-0.702969642,-0.713450693,-0.785821004,-0.741100512,dataset/images/maksssksksss786.png,"[143, 100, 51, 51]",0
,,,,,,,
-0.710469442,-0.702969642,-0.713450693,-0.785821004,-0.741100512,dataset/images/maksssksksss787.png,"[245, 76, 38, 38]",1
,,,,,,,
-0.204653055,-0.702969642,-0.713450693,-0.785821004,-0.741100512,dataset/images/maksssksksss787.png,"[135, 99, 72, 72]",1
,,,,,,,
-0.615964685,-0.412530053,-0.713450693,-0.785821004,-0.741100512,dataset/images/maksssksksss787.png,"[283, 88, 69, 69]",1
,,,,,,,
-0.563723836,-0.358984185,-0.713450693,-0.785821004,-0.741100512,dataset/images/maksssksksss787.png,"[15, 113, 63, 63]",1
,,,,,,,
-0.328085092,-0.702969642,-0.713450693,-0.785821004,-0.741100512,dataset/images/maksssksksss788.png,"[371, 122, 52, 52]",0
,,,,,,,
-0.231224898,-0.702969642,-0.713450693,-0.785821004,-0.741100512,dataset/images/maksssksksss79.png,"[89, 155, 97, 97]",0
,,,,,,,
-0.601273114,-0.702969642,-0.713450693,-0.785821004,-0.741100512,dataset/images/maksssksksss79.png,"[219, 220, 53, 53]",0
,,,,,,,
0.176901221,-0.575232882,-0.435256577,-0.785821004,-0.741100512,dataset/images/maksssksksss790.png,"[108, 128, 142, 142]",1
,,,,,,,
0.120398146,-0.702969642,-0.713450693,-0.785821004,-0.741100512,dataset/images/maksssksksss792.png,"[347, 56, 52, 52]",0
,,,,,,,
-0.200342051,-0.702969642,-0.713450693,-0.785821004,-0.741100512,dataset/images/maksssksksss792.png,"[29, 2, 49, 49]",0
,,,,,,,
-0.16383925,-0.660564952,-0.230173684,-0.785821004,-0.741100512,dataset/images/maksssksksss792.png,"[129, 61, 124, 124]",0
,,,,,,,
0.763673494,-0.234440873,-0.713450693,-0.785821004,-0.741100512,dataset/images/maksssksksss792.png,"[187, 25, 53, 53]",0
,,,,,,,
-0.129517047,-0.461767606,-0.152833077,-0.785821004,-0.741100512,dataset/images/maksssksksss792.png,"[148, 39, 57, 57]",0
,,,,,,,
-0.12629941,-0.702969642,-0.713450693,-0.785821004,0.287853743,dataset/images/maksssksksss793.png,"[123, 121, 136, 136]",1
,,,,,,,
-0.544450969,-0.702969642,-0.713450693,-0.785821004,-0.741100512,dataset/images/maksssksksss795.png,"[213, 101, 26, 26]",0
,,,,,,,
-0.803562497,-0.702969642,-0.713450693,-0.785821004,-0.741100512,dataset/images/maksssksksss796.png,"[17, 28, 29, 29]",0
,,,,,,,
-0.199076487,-0.186742254,-0.076330378,-0.785821004,-0.741100512,dataset/images/maksssksksss798.png,"[148, 210, 114, 114]",1
,,,,,,,
-0.425972637,-0.702969642,-0.713450693,-0.785821004,-0.741100512,dataset/images/maksssksksss799.png,"[347, 99, 35, 35]",0
,,,,,,,
-0.433592691,-0.702969642,-0.713450693,-0.469009394,-0.741100512,dataset/images/maksssksksss799.png,"[77, 225, 64, 64]",1
,,,,,,,
-0.711658815,-0.702969642,-0.713450693,-0.785821004,-0.741100512,dataset/images/maksssksksss8.png,"[97, 167, 32, 32]",0
,,,,,,,
-0.806806788,-0.702969642,-0.713450693,-0.785821004,-0.741100512,dataset/images/maksssksksss8.png,"[161, 283, 55, 55]",0
,,,,,,,
-0.614441692,-0.702969642,-0.713450693,-0.785821004,-0.741100512,dataset/images/maksssksksss8.png,"[162, 302, 55, 55]",0
,,,,,,,
-0.231687311,-0.650820801,-0.713450693,-0.785821004,-0.741100512,dataset/images/maksssksksss8.png,"[165, 342, 50, 50]",0
,,,,,,,
-0.459855183,-0.702969642,-0.713450693,-0.785821004,-0.741100512,dataset/images/maksssksksss8.png,"[102, 101, 38, 38]",0
,,,,,,,
-0.460986637,-0.702969642,-0.713450693,-0.785821004,-0.741100512,dataset/images/maksssksksss80.png,"[304, 42, 60, 60]",0
,,,,,,,
-0.356907453,-0.367310565,-0.713450693,-0.785821004,-0.741100512,dataset/images/maksssksksss800.png,"[148, 54, 60, 60]",1
,,,,,,,
-0.632726667,-0.057243212,-0.713450693,-0.785821004,-0.741100512,dataset/images/maksssksksss800.png,"[27, 22, 46, 46]",0
,,,,,,,
0.11972978,-0.702969642,-0.713450693,-0.785821004,-0.741100512,dataset/images/maksssksksss801.png,"[275, 44, 57, 57]",0
,,,,,,,
-0.497920056,-0.702969642,-0.713450693,-0.785821004,-0.741100512,dataset/images/maksssksksss802.png,"[312, 71, 33, 33]",1
,,,,,,,
-0.389567937,0.368097695,-0.713450693,-0.785821004,-0.741100512,dataset/images/maksssksksss802.png,"[154, 189, 42, 42]",0
,,,,,,,
-0.456321081,-0.702969642,-0.713450693,-0.785821004,-0.741100512,dataset/images/maksssksksss803.png,"[128, 55, 25, 25]",0
,,,,,,,
-0.468210262,-0.702969642,-0.713450693,-0.785821004,-0.741100512,dataset/images/maksssksksss803.png,"[71, 45, 31, 31]",0
,,,,,,,
-0.85357572,-0.702969642,-0.713450693,-0.785821004,-0.741100512,dataset/images/maksssksksss805.png,"[224, 126, 57, 57]",0
,,,,,,,
-0.564584033,-0.702969642,-0.713450693,-0.785821004,-0.741100512,dataset/images/maksssksksss806.png,"[282, 13, 46, 46]",1
,,,,,,,
-0.292956803,-0.702969642,-0.713450693,-0.785821004,-0.741100512,dataset/images/maksssksksss806.png,"[251, 172, 52, 52]",0
,,,,,,,
0.08664734,-0.171848505,0.06097775,-0.631982296,-0.741100512,dataset/images/maksssksksss808.png,"[93, 108, 131, 131]",1
,,,,,,,
-0.298895612,-0.702969642,-0.713450693,-0.785821004,-0.741100512,dataset/images/maksssksksss809.png,"[285, 34, 57, 57]",0
,,,,,,,
0.014885785,-0.024383539,-0.713450693,-0.785821004,-0.741100512,dataset/images/maksssksksss809.png,"[21, 69, 51, 51]",1
,,,,,,,
-0.051982748,-0.702969642,-0.713450693,-0.785821004,-0.741100512,dataset/images/maksssksksss81.png,"[29, 24, 109, 109]",1
,,,,,,,
-0.446635388,-0.09753405,-0.323604274,-0.785821004,-0.741100512,dataset/images/maksssksksss81.png,"[158, 82, 87, 87]",1
,,,,,,,
-0.413459453,-0.269456261,-0.272386413,-0.785821004,-0.741100512,dataset/images/maksssksksss81.png,"[250, 50, 133, 133]",1
,,,,,,,
-0.553553131,-0.702969642,-0.713450693,-0.785821004,-0.741100512,dataset/images/maksssksksss810.png,"[96, 266, 97, 97]",1
,,,,,,,
0.016010858,-0.702969642,-0.713450693,-0.785821004,-0.741100512,dataset/images/maksssksksss812.png,"[282, 39, 76, 76]",1
,,,,,,,
-0.11879379,-0.702969642,-0.713450693,-0.785821004,-0.741100512,dataset/images/maksssksksss812.png,"[61, 78, 58, 58]",1
,,,,,,,
-0.383905407,-0.702969642,-0.713450693,-0.785821004,-0.741100512,dataset/images/maksssksksss812.png,"[335, 245, 60, 60]",0
,,,,,,,
-0.307519459,-0.702969642,-0.713450693,-0.785821004,-0.741100512,dataset/images/maksssksksss814.png,"[174, 70, 51, 51]",0
,,,,,,,
-0.930589305,-0.702969642,-0.713450693,-0.785821004,-0.741100512,dataset/images/maksssksksss817.png,"[28, 150, 70, 70]",0
,,,,,,,
0.226310679,0.734707125,0.748029349,-0.021846996,-0.741100512,dataset/images/maksssksksss817.png,"[87, 116, 122, 122]",0
,,,,,,,
-0.187554971,-0.702969642,-0.713450693,-0.785821004,-0.741100512,dataset/images/maksssksksss818.png,"[243, 32, 34, 34]",0
,,,,,,,
0.826192797,0.504324329,0.375502673,-0.142043708,-0.741100512,dataset/images/maksssksksss818.png,"[101, 198, 150, 150]",1
,,,,,,,
-0.233622488,-0.22830257,-0.713450693,-0.785821004,-0.741100512,dataset/images/maksssksksss819.png,"[68, 50, 69, 69]",1
,,,,,,,
-0.464835798,-0.702969642,-0.713450693,-0.785821004,-0.741100512,dataset/images/maksssksksss82.png,"[82, 26, 66, 66]",0
,,,,,,,
0.427177632,-0.110986598,-0.713450693,-0.785821004,-0.741100512,dataset/images/maksssksksss822.png,"[131, 9, 59, 59]",0
,,,,,,,
-0.680480572,-0.702969642,-0.713450693,-0.785821004,-0.741100512,dataset/images/maksssksksss823.png,"[341, 114, 34, 34]",0
,,,,,,,
0.010431352,-0.702969642,-0.713450693,-0.785821004,-0.741100512,dataset/images/maksssksksss823.png,"[70, 11, 69, 69]",0
,,,,,,,
-0.517876484,-0.702969642,-0.713450693,-0.785821004,-0.741100512,dataset/images/maksssksksss825.png,"[99, 118, 27, 27]",0
,,,,,,,
-0.36242275,-0.758879759,-0.713450693,-0.785821004,-0.741100512,dataset/images/maksssksksss827.png,"[21, 116, 158, 158]",1
,,,,,,,
-0.156384849,-0.702969642,-0.713450693,-0.785821004,-0.741100512,dataset/images/maksssksksss829.png,"[272, 76, 35, 35]",1
,,,,,,,
-0.15252214,-0.702969642,-0.713450693,-0.785821004,-0.741100512,dataset/images/maksssksksss829.png,"[291, 68, 50, 50]",0
,,,,,,,
-0.287721948,0.008812363,-0.194743394,-0.785821004,-0.741100512,dataset/images/maksssksksss83.png,"[263, 11, 78, 78]",0
,,,,,,,
-0.289882607,-0.702969642,-0.713450693,-0.785821004,-0.741100512,dataset/images/maksssksksss83.png,"[125, 95, 106, 106]",1
,,,,,,,
-0.731097285,0.273092016,-0.522763521,-0.785821004,-0.653667724,dataset/images/maksssksksss832.png,"[63, 57, 138, 138]",1
,,,,,,,
0.276449645,-0.0915369,-0.346002773,-0.785821004,-0.741100512,dataset/images/maksssksksss833.png,"[135, 33, 98, 98]",1
,,,,,,,
-0.161364495,0.235748078,-0.723356912,-0.785821004,-1,dataset/images/maksssksksss836.png,"[80, 41, 102, 102]",1
,,,,,,,
-0.008696528,0.589929563,0.559798697,-0.643422633,-0.741100512,dataset/images/maksssksksss837.png,"[76, 119, 133, 133]",0
,,,,,,,
-0.157356534,0.160331359,0.168533304,-0.785821004,-0.554165963,dataset/images/maksssksksss838.png,"[128, 131, 173, 173]",1
,,,,,,,
-0.803795242,-0.702969642,-0.713450693,-0.785821004,-0.741100512,dataset/images/maksssksksss841.png,"[104, 275, 62, 62]",0
,,,,,,,
-0.579082794,-0.702969642,-0.713450693,-0.785821004,-0.741100512,dataset/images/maksssksksss841.png,"[142, 79, 42, 42]",0
,,,,,,,
0.28119501,0.075837978,-0.713450693,-0.785821004,-0.741100512,dataset/images/maksssksksss841.png,"[113, 164, 108, 108]",0
,,,,,,,
-0.329031669,-0.702969642,-0.713450693,-0.785821004,-0.741100512,dataset/images/maksssksksss842.png,"[284, 56, 60, 60]",0
,,,,,,,
-0.331656423,-0.638790412,-0.713450693,-0.785821004,-0.741100512,dataset/images/maksssksksss843.png,"[255, 108, 81, 81]",0
,,,,,,,
-0.917633226,0.202956149,0.270923101,-0.785821004,-0.741100512,dataset/images/maksssksksss843.png,"[91, 167, 162, 162]",0
,,,,,,,
-0.313552308,-0.702969642,-0.713450693,-0.785821004,-0.741100512,dataset/images/maksssksksss844.png,"[157, 80, 68, 68]",0
,,,,,,,
0.212984719,0.214789193,-0.650046746,-0.492383843,-0.741100512,dataset/images/maksssksksss86.png,"[328, 126, 67, 67]",0
,,,,,,,
-0.057622942,0.639165681,0.281004936,-0.105293203,-0.741100512,dataset/images/maksssksksss88.png,"[16, 142, 164, 164]",1
,,,,,,,
-0.44012758,-0.702969642,-0.713450693,-0.785821004,-0.741100512,dataset/images/maksssksksss95.png,"[26, 6, 56, 56]",0
,,,,,,,
0.040414621,0.703604171,0.000409919,-0.785821004,-0.741100512,dataset/images/maksssksksss95.png,"[63, 272, 108, 108]",0
,,,,,,,
-0.760407606,-0.702969642,-0.713450693,-0.785821004,-0.741100512,dataset/images/maksssksksss95.png,"[138, 218, 55, 55]",0
,,,,,,,
-0.857339085,-0.702969642,-0.713450693,-0.785821004,-0.741100512,dataset/images/maksssksksss95.png,"[64, 195, 50, 50]",0
,,,,,,,
-0.239807983,-0.702969642,-0.713450693,-0.785821004,-0.741100512,dataset/images/maksssksksss96.png,"[241, 80, 42, 42]",0
,,,,,,,
-0.120758981,-0.702969642,-0.713450693,-0.785821004,-0.530259528,dataset/images/maksssksksss96.png,"[61, 143, 55, 55]",0
,,,,,,,
-0.403937444,-0.702969642,-0.713450693,-0.785821004,-0.741100512,dataset/images/maksssksksss96.png,"[291, 147, 44, 44]",1