face,eye1,eye2,nose,mouth,name,box,tag,isFace
-0.095969405,-0.754200281,-0.953612137,-0.796820709,-0.741100512,dataset/images/maksssksksss10.png,"[81, 248, 126, 126]",1,1
0.31706279,-0.269474214,-0.953612137,-0.796820709,-0.741100512,dataset/images/maksssksksss100.png,"[183, 19, 67, 67]",1,1
-0.273713847,-0.754200281,-0.953612137,-0.777711661,-0.741100512,dataset/images/maksssksksss103.png,"[286, 221, 60, 60]",0,0
-0.176687823,0.12764639,-0.953612137,-0.796820709,-0.741100512,dataset/images/maksssksksss103.png,"[253, 79, 53, 53]",1,1
0.190739442,0.635190019,-0.953612137,-0.796820709,-0.741100512,dataset/images/maksssksksss107.png,"[112, 172, 114, 114]",1,1
-0.561703567,-0.754200281,-0.953612137,-0.796820709,-0.741100512,dataset/images/maksssksksss109.png,"[275, 46, 83, 83]",0,0
-0.700246899,-0.754200281,-0.953612137,-0.796820709,-0.741100512,dataset/images/maksssksksss109.png,"[273, 157, 83, 83]",0,0
0.23771521,-0.097959883,-0.386058226,-0.796820709,-0.741100512,dataset/images/maksssksksss113.png,"[178, 83, 89, 89]",0,0
0.090503884,-0.241156009,-0.953612137,-0.796820709,-0.40038087,dataset/images/maksssksksss114.png,"[9, 84, 73, 73]",0,1
-0.433193478,-0.754200281,-0.953612137,-0.796820709,-0.741100512,dataset/images/maksssksksss116.png,"[300, 56, 45, 45]",1,1
-0.232885123,-0.754200281,-0.953612137,-0.796820709,-0.741100512,dataset/images/maksssksksss120.png,"[171, 245, 121, 121]",0,0
-0.471117393,-0.754200281,-0.953612137,-0.796820709,-0.741100512,dataset/images/maksssksksss121.png,"[301, 56, 28, 28]",0,1
-0.377438122,-0.754200281,-0.953612137,-0.796820709,-0.741100512,dataset/images/maksssksksss121.png,"[342, 68, 27, 27]",0,1
-0.084691651,-0.754200281,-0.953612137,-0.796820709,-0.741100512,dataset/images/maksssksksss121.png,"[176, 49, 32, 32]",0,1
-0.202967836,-0.754200281,-0.953612137,-0.796820709,-0.741100512,dataset/images/maksssksksss121.png,"[11, 43, 30, 30]",0,1
0.256404555,-0.754200281,-0.953612137,-0.796820709,-0.741100512,dataset/images/maksssksksss121.png,"[89, 34, 35, 35]",0,1
0.622168315,-0.197049935,-0.069783569,-0.796820709,-0.741100512,dataset/images/maksssksksss123.png,"[89, 76, 124, 124]",1,1
0.126417229,-0.053339938,-0.482494678,-0.796820709,-0.741100512,dataset/images/maksssksksss125.png,"[103, 132, 116, 116]",0,1
0.655842789,0.697627004,0.873650955,0.104383585,0.170851489,dataset/images/maksssksksss128.png,"[78, 154, 133, 133]",0,1
-0.563768977,-0.754200281,-0.953612137,-0.796820709,-0.741100512,dataset/images/maksssksksss128.png,"[182, 219, 87, 87]",0,0
-0.558564178,-0.754200281,-0.953612137,-0.796820709,-0.741100512,dataset/images/maksssksksss129.png,"[319, 235, 50, 50]",0,0
-0.651877606,-0.754200281,-0.953612137,-0.796820709,-0.741100512,dataset/images/maksssksksss129.png,"[231, 138, 86, 86]",0,0
-0.754001148,-0.754200281,-0.953612137,-0.796820709,-0.741100512,dataset/images/maksssksksss129.png,"[244, 38, 29, 29]",1,1
-0.341774159,-0.754200281,-0.953612137,-0.796820709,-0.741100512,dataset/images/maksssksksss133.png,"[50, 229, 54, 54]",0,0
-0.160715949,0.148098551,-0.074521149,-0.796820709,-0.741100512,dataset/images/maksssksksss135.png,"[140, 57, 136, 136]",1,1
-0.282868546,-0.754200281,-0.953612137,-0.796820709,-0.741100512,dataset/images/maksssksksss136.png,"[97, 39, 91, 91]",0,0
-0.109021604,-0.754200281,-0.953612137,-0.796820709,-0.741100512,dataset/images/maksssksksss14.png,"[106, 286, 46, 46]",0,0
0.216229568,0.762076929,-0.953612137,-0.261487041,-0.741100512,dataset/images/maksssksksss14.png,"[140, 176, 114, 114]",0,1
-0.300745393,-0.754200281,-0.953612137,-0.796820709,-0.741100512,dataset/images/maksssksksss140.png,"[180, 154, 76, 76]",0,0
-0.661251139,-0.754200281,-0.953612137,-0.055719769,-0.741100512,dataset/images/maksssksksss140.png,"[247, 131, 107, 107]",0,0
-0.286902067,-0.754200281,-0.953612137,-0.796820709,-0.741100512,dataset/images/maksssksksss141.png,"[222, 120, 38, 38]",1,1
-0.371174466,-0.754200281,-0.953612137,-0.796820709,-0.741100512,dataset/images/maksssksksss145.png,"[180, 97, 24, 24]",1,1
0.469209513,-0.228371756,-0.667873272,-0.330410225,-0.741100512,dataset/images/maksssksksss148.png,"[323, 68, 72, 72]",0,1
-0.418035491,-0.754200281,-0.953612137,-0.796820709,-0.741100512,dataset/images/maksssksksss148.png,"[64, 85, 63, 63]",0,1
0.277150455,0.387910486,0.154517996,-0.796820709,-0.741100512,dataset/images/maksssksksss150.png,"[46, 113, 127, 127]",1,1
-0.01229098,-0.754200281,-0.953612137,-0.796820709,-0.741100512,dataset/images/maksssksksss153.png,"[71, 64, 30, 30]",0,0
0.011441036,-0.754200281,-0.953612137,-0.796820709,-0.741100512,dataset/images/maksssksksss154.png,"[81, 320, 28, 28]",0,0
-0.556847777,0.828670019,-0.025187897,-0.796820709,-0.60210779,dataset/images/maksssksksss154.png,"[86, 181, 110, 110]",0,1
-0.444777156,0.015169164,-0.953612137,-0.796820709,-0.741100512,dataset/images/maksssksksss16.png,"[44, 204, 115, 115]",1,1
-0.104338526,0.044748851,-0.953612137,-0.886823338,-0.741100512,dataset/images/maksssksksss161.png,"[113, 211, 95, 95]",0,1
0.383350317,0.101185949,-0.22672847,-0.723525615,-0.741100512,dataset/images/maksssksksss162.png,"[77, 163, 121, 121]",1,1
-0.028244674,-0.754200281,-0.953612137,-0.796820709,-0.741100512,dataset/images/maksssksksss164.png,"[152, 35, 27, 27]",0,1
-0.534317956,-0.754200281,-0.953612137,-0.796820709,-0.741100512,dataset/images/maksssksksss164.png,"[103, 33, 34, 34]",0,0
-0.500841964,-0.754200281,-0.953612137,-0.796820709,-0.741100512,dataset/images/maksssksksss173.png,"[178, 53, 60, 60]",0,0
-0.247031761,-0.901753402,-0.467436409,-0.796820709,-0.741100512,dataset/images/maksssksksss175.png,"[107, 48, 66, 66]",1,1
-0.367410834,-0.754200281,-0.953612137,-0.796820709,-0.741100512,dataset/images/maksssksksss176.png,"[124, 50, 37, 37]",1,1
-0.193316003,-0.754200281,-0.953612137,-0.796820709,-0.741100512,dataset/images/maksssksksss176.png,"[216, 34, 53, 53]",1,1
-0.350921824,-0.754200281,-0.953612137,-0.796820709,-0.741100512,dataset/images/maksssksksss177.png,"[146, 135, 54, 54]",1,1
-0.550394503,-0.754200281,-0.953612137,-0.796820709,-0.741100512,dataset/images/maksssksksss177.png,"[133, 52, 66, 66]",0,0
0.017020381,-0.754200281,-0.953612137,-0.796820709,-0.741100512,dataset/images/maksssksksss179.png,"[88, 48, 26, 26]",1,1
-0.569699505,-0.754200281,-0.953612137,-0.487280959,-0.741100512,dataset/images/maksssksksss179.png,"[17, 183, 60, 60]",0,0
-0.361021408,-0.531037143,-0.953612137,-0.796820709,-0.741100512,dataset/images/maksssksksss180.png,"[38, 157, 133, 133]",1,1
-0.003963591,-0.754200281,-0.953612137,-0.796820709,-0.741100512,dataset/images/maksssksksss181.png,"[265, 34, 45, 45]",0,1
0.361046943,-0.754200281,-0.953612137,-0.796820709,-0.741100512,dataset/images/maksssksksss182.png,"[113, 35, 59, 59]",0,1
-0.384153789,-0.754200281,-0.953612137,-0.796820709,-0.741100512,dataset/images/maksssksksss182.png,"[101, 7, 73, 73]",0,1
-0.048288989,-0.754200281,-0.953612137,-0.796820709,-0.741100512,dataset/images/maksssksksss182.png,"[202, 31, 68, 68]",1,1
-0.495151206,0.140936867,-0.953612137,-0.796820709,-0.741100512,dataset/images/maksssksksss187.png,"[225, 76, 108, 108]",1,1
0.539222631,-0.360940831,-0.953612137,-0.796820709,-0.741100512,dataset/images/maksssksksss188.png,"[87, 182, 125, 125]",1,1
-0.592056643,-0.190444459,-0.331916255,-0.796820709,-0.741100512,dataset/images/maksssksksss190.png,"[126, 58, 97, 97]",1,1
0.328163567,-0.365614177,-0.553858292,-0.796820709,-0.741100512,dataset/images/maksssksksss191.png,"[214, 68, 94, 94]",1,1
-0.521999539,-0.754200281,-0.953612137,-0.796820709,-0.741100512,dataset/images/maksssksksss193.png,"[106, 254, 44, 44]",0,0
-0.755388552,-0.463916618,-0.953612137,-0.796820709,-0.214370567,dataset/images/maksssksksss193.png,"[4, 212, 103, 103]",0,0
-0.174567403,-0.754200281,-0.953612137,-0.796820709,-0.741100512,dataset/images/maksssksksss195.png,"[1, 316, 65, 65]",0,0
-0.327736309,-0.754200281,-0.953612137,-0.796820709,-0.741100512,dataset/images/maksssksksss195.png,"[14, 275, 58, 58]",0,0
-0.92600061,-0.754200281,-0.953612137,-0.796820709,-0.741100512,dataset/images/maksssksksss196.png,"[141, 263, 61, 61]",0,0
-0.271227747,-0.754200281,-0.953612137,-0.796820709,-0.741100512,dataset/images/maksssksksss196.png,"[142, 52, 83, 83]",0,0
-0.415666727,-0.754200281,-0.953612137,-0.796820709,-0.741100512,dataset/images/maksssksksss197.png,"[164, 73, 55, 55]",1,1
-0.429251051,-0.754200281,-0.953612137,-0.796820709,-0.741100512,dataset/images/maksssksksss198.png,"[322, 43, 48, 48]",0,0
-0.040639451,-0.847940304,-0.953612137,-0.796820709,-0.741100512,dataset/images/maksssksksss200.png,"[104, 213, 96, 96]",0,0
-0.138259782,-0.754200281,-0.953612137,-0.796820709,-0.741100512,dataset/images/maksssksksss200.png,"[88, 98, 124, 124]",1,1
-0.146253589,-0.754200281,-0.953612137,-0.796820709,-0.741100512,dataset/images/maksssksksss202.png,"[39, 272, 27, 27]",0,0
-0.325309167,-0.754200281,-0.953612137,-0.796820709,-0.741100512,dataset/images/maksssksksss202.png,"[364, 71, 33, 33]",0,0
0.497132271,0.357175158,0.361259018,-0.796820709,-0.623452678,dataset/images/maksssksksss208.png,"[176, 42, 136, 136]",1,1
-0.747123963,-1,-0.953612137,-0.796820709,-0.741100512,dataset/images/maksssksksss210.png,"[70, 182, 161, 161]",1,1
0.100953082,0.570385799,-0.27721653,-0.796820709,-0.826019648,dataset/images/maksssksksss211.png,"[122, 7, 167, 167]",1,1
0.592338134,0.160784158,-0.116305825,-0.796820709,0.265117615,dataset/images/maksssksksss211.png,"[132, 62, 153, 153]",1,1
-0.155168247,-0.754200281,-0.953612137,-0.796820709,-0.741100512,dataset/images/maksssksksss215.png,"[158, 165, 124, 124]",0,0
0.066351966,0.258361808,-0.13436646,-0.372941294,-0.741100512,dataset/images/maksssksksss217.png,"[102, 179, 128, 128]",0,1
0.21614598,0.448873479,0.472655521,-0.98494829,0.13010239,dataset/images/maksssksksss218.png,"[122, 201, 139, 139]",0,1
-0.023493091,-0.754200281,-0.953612137,-0.796820709,-0.741100512,dataset/images/maksssksksss219.png,"[215, 127, 73, 73]",0,0
-0.577725687,-0.088389121,-0.953612137,-0.796820709,-0.741100512,dataset/images/maksssksksss22.png,"[222, 203, 55, 55]",0,0
-0.079086302,-0.754200281,-0.953612137,-0.796820709,-0.741100512,dataset/images/maksssksksss220.png,"[108, 49, 55, 55]",1,1
-0.104454789,-0.344895334,0.07595126,-0.796820709,-0.741100512,dataset/images/maksssksksss224.png,"[207, 102, 91, 91]",1,1
-0.450473717,-0.237442528,-0.953612137,-0.796820709,-0.741100512,dataset/images/maksssksksss228.png,"[43, 224, 151, 151]",0,0
-0.196514259,-0.721626406,-0.494903787,-0.796820709,-0.741100512,dataset/images/maksssksksss228.png,"[23, 188, 134, 134]",1,1
-0.360382827,-0.754200281,-0.953612137,-0.796820709,-0.741100512,dataset/images/maksssksksss230.png,"[382, 203, 47, 47]",0,0
-0.629425266,-0.754200281,-0.953612137,-0.796820709,-0.741100512,dataset/images/maksssksksss230.png,"[108, 189, 56, 56]",0,0
-0.55930914,-0.754200281,-0.953612137,-0.796820709,-0.741100512,dataset/images/maksssksksss230.png,"[8, 275, 41, 41]",0,0
-0.413735788,-0.298848973,-0.953612137,-0.796820709,-0.741100512,dataset/images/maksssksksss234.png,"[169, 27, 59, 59]",1,1
-0.156319526,-0.17080131,-0.953612137,-0.796820709,-0.741100512,dataset/images/maksssksksss234.png,"[81, 64, 55, 55]",0,0
-0.297633823,-0.754200281,-0.953612137,-0.796820709,-0.741100512,dataset/images/maksssksksss235.png,"[28, 68, 38, 38]",0,0
0.68560238,-0.179741129,-0.953612137,-0.343933881,-0.640288248,dataset/images/maksssksksss236.png,"[147, 138, 128, 128]",0,1
-0.235938475,-0.754200281,-0.953612137,-0.796820709,-0.741100512,dataset/images/maksssksksss238.png,"[2, 102, 64, 64]",0,0
0.034448103,0.605824527,0.553916071,-0.872758153,-0.741100512,dataset/images/maksssksksss239.png,"[83, 179, 125, 125]",0,1
-0.275286916,-0.754200281,-0.953612137,-0.796820709,-0.741100512,dataset/images/maksssksksss241.png,"[149, 56, 78, 78]",1,1
0.232755215,-0.180770516,-0.953612137,-0.403660495,-0.371538582,dataset/images/maksssksksss242.png,"[152, 72, 77, 77]",1,1
0.008511923,0.235723757,-0.638860784,-0.796820709,-0.741100512,dataset/images/maksssksksss243.png,"[89, 70, 144, 144]",1,1
0.245612914,-0.754200281,-0.953612137,-0.796820709,-0.741100512,dataset/images/maksssksksss244.png,"[49, 98, 52, 52]",0,1
0.219103223,0.489808118,-0.314024208,-0.415293575,0.090340482,dataset/images/maksssksksss244.png,"[301, 24, 98, 98]",0,1
-0.247433072,-0.754200281,-0.953612137,-0.796820709,-0.741100512,dataset/images/maksssksksss244.png,"[166, 57, 62, 62]",1,1
-0.436807051,-0.093352057,-0.953612137,-0.796820709,-0.741100512,dataset/images/maksssksksss25.png,"[103, 237, 50, 50]",0,0
-0.407888101,-0.754200281,-0.953612137,-0.796820709,-0.741100512,dataset/images/maksssksksss25.png,"[180, 216, 62, 62]",0,0
0.427213748,-0.754200281,-0.953612137,-0.796820709,-0.741100512,dataset/images/maksssksksss254.png,"[315, 37, 68, 68]",1,1
-0.487403117,-0.754200281,-0.953612137,-0.796820709,-0.741100512,dataset/images/maksssksksss254.png,"[159, 34, 89, 89]",1,1
-0.255975018,-0.754200281,-0.953612137,-0.796820709,-0.741100512,dataset/images/maksssksksss259.png,"[182, 31, 46, 46]",0,0
0.267348282,-0.087003645,-0.234050623,-0.796820709,-0.741100512,dataset/images/maksssksksss262.png,"[134, 156, 149, 149]",1,1
0.08982463,-0.754200281,-0.953612137,-0.796820709,-0.741100512,dataset/images/maksssksksss263.png,"[35, 156, 52, 52]",0,1
-0.109553718,0.426996691,0.031548168,-0.796820709,-0.741100512,dataset/images/maksssksksss266.png,"[59, 173, 138, 138]",1,1
-0.772488014,-0.754200281,-0.953612137,-0.796820709,-0.741100512,dataset/images/maksssksksss267.png,"[52, 52, 70, 70]",0,0
-0.49476963,-0.754200281,-0.953612137,-0.796820709,-0.741100512,dataset/images/maksssksksss267.png,"[270, 111, 25, 25]",1,1
-0.343311468,-0.754200281,-0.953612137,-0.796820709,-0.741100512,dataset/images/maksssksksss268.png,"[60, 302, 35, 35]",0,0
-0.29439909,-0.754200281,-0.953612137,-0.796820709,-0.741100512,dataset/images/maksssksksss268.png,"[22, 164, 69, 69]",0,0
-0.47005487,-0.754200281,-0.953612137,-0.796820709,-0.741100512,dataset/images/maksssksksss268.png,"[53, 228, 70, 70]",0,0
0.329213391,-0.111150133,-0.163563419,-0.796820709,-0.741100512,dataset/images/maksssksksss269.png,"[55, 37, 205, 205]",1,1
0.153170068,-0.754200281,-0.953612137,-0.796820709,-0.741100512,dataset/images/maksssksksss269.png,"[261, 74, 130, 130]",1,1
-0.016019613,-0.429411565,-0.103361747,-0.796820709,-0.741100512,dataset/images/maksssksksss27.png,"[155, 63, 115, 115]",1,1
-0.162038708,-0.754200281,-0.953612137,-0.796820709,-0.741100512,dataset/images/maksssksksss270.png,"[69, 82, 32, 32]",1,1
-0.262098823,-0.043359119,-0.953612137,-0.796820709,-0.741100512,dataset/images/maksssksksss270.png,"[168, 78, 39, 39]",1,1
-0.730463677,-0.754200281,-0.953612137,-0.796820709,-0.741100512,dataset/images/maksssksksss270.png,"[251, 21, 54, 54]",1,1
0.242075606,-0.421948077,0.065249826,-0.796820709,-0.097432412,dataset/images/maksssksksss271.png,"[69, 142, 160, 160]",1,1
0.000842232,0.210409113,-0.097064177,-0.796820709,-0.605083556,dataset/images/maksssksksss273.png,"[171, 176, 89, 89]",0,0
-0.743416565,0.053599992,-0.353960507,-0.796820709,-0.741100512,dataset/images/maksssksksss273.png,"[67, 130, 138, 138]",1,1
0.39991278,-0.957488419,-0.804121395,-0.796820709,-0.741100512,dataset/images/maksssksksss274.png,"[221, 56, 92, 92]",1,1
-0.51994862,-0.754200281,-0.953612137,-0.796820709,-0.741100512,dataset/images/maksssksksss275.png,"[226, 127, 32, 32]",0,0
-0.304981525,-0.754200281,-0.953612137,-0.796820709,-0.741100512,dataset/images/maksssksksss275.png,"[156, 123, 35, 35]",0,0
-0.66580544,-0.754200281,-0.953612137,-0.796820709,-0.741100512,dataset/images/maksssksksss276.png,"[264, 100, 57, 57]",0,1
-0.329884227,-0.006269262,-0.263969964,-0.478205168,-0.338236529,dataset/images/maksssksksss276.png,"[102, 16, 122, 122]",1,1
-0.638142622,-0.754200281,-0.953612137,-0.796820709,-0.741100512,dataset/images/maksssksksss276.png,"[163, 329, 47, 47]",1,1
-1,-0.754200281,-0.953612137,-0.796820709,-0.741100512,dataset/images/maksssksksss277.png,"[123, 89, 25, 25]",0,0
-0.215697479,-0.378325712,-0.953612137,-0.796820709,-0.741100512,dataset/images/maksssksksss277.png,"[165, 82, 84, 84]",0,0
-0.048447931,-0.754200281,-0.953612137,-0.796820709,-0.741100512,dataset/images/maksssksksss278.png,"[187, 123, 62, 62]",0,0
-0.663989713,-0.754200281,-0.953612137,-0.796820709,-0.741100512,dataset/images/maksssksksss283.png,"[141, 268, 26, 26]",0,0
-0.566205732,0.406759315,0.334619742,-0.619012648,-0.899276885,dataset/images/maksssksksss285.png,"[39, 58, 196, 196]",1,1
-0.528332876,-0.754200281,-0.953612137,-0.796820709,-0.741100512,dataset/images/maksssksksss286.png,"[58, 146, 51, 51]",0,0
-0.452249556,-0.754200281,-0.953612137,-0.796820709,-0.741100512,dataset/images/maksssksksss286.png,"[27, 188, 29, 29]",0,0
-0.4573691,-0.231508572,-0.953612137,-0.796820709,-0.741100512,dataset/images/maksssksksss287.png,"[199, 112, 114, 114]",0,0
0.404426874,-0.231508572,0.2658918,-0.796820709,-0.741100512,dataset/images/maksssksksss287.png,"[238, 102, 138, 138]",1,1
-0.12987692,0.025661004,-0.953612137,-0.796820709,-0.741100512,dataset/images/maksssksksss289.png,"[74, 181, 79, 79]",0,1
-0.328177782,-0.754200281,-0.953612137,-0.796820709,-0.741100512,dataset/images/maksssksksss290.png,"[164, 142, 62, 62]",0,0
-0.537483919,-0.754200281,-0.953612137,-0.796820709,-0.741100512,dataset/images/maksssksksss290.png,"[230, 49, 80, 80]",0,0
-0.201922002,-0.754200281,-0.953612137,-0.796820709,-0.741100512,dataset/images/maksssksksss295.png,"[213, 194, 39, 39]",0,0
-0.528886517,-0.754200281,-0.953612137,-0.796820709,-0.741100512,dataset/images/maksssksksss295.png,"[167, 317, 46, 46]",0,0
-0.819638469,-0.754200281,-0.953612137,-0.796820709,-0.741100512,dataset/images/maksssksksss295.png,"[211, 207, 47, 47]",0,0
-0.438564863,-0.754200281,-0.953612137,-0.796820709,-0.741100512,dataset/images/maksssksksss295.png,"[58, 275, 46, 46]",0,0
-0.13645048,0.505450501,0.712951203,-0.796820709,-0.741100512,dataset/images/maksssksksss295.png,"[75, 58, 97, 97]",1,1
-0.310495789,-0.754200281,-0.953612137,-0.796820709,-0.741100512,dataset/images/maksssksksss295.png,"[209, 221, 51, 51]",0,0
-0.080436266,-0.754200281,-0.953612137,-0.796820709,-0.741100512,dataset/images/maksssksksss295.png,"[49, 215, 165, 165]",0,0
-0.38120865,-0.754200281,-0.953612137,-0.796820709,-0.741100512,dataset/images/maksssksksss296.png,"[231, 31, 32, 32]",0,1
-0.690710288,-0.754200281,-0.953612137,-0.796820709,-0.741100512,dataset/images/maksssksksss296.png,"[121, 165, 56, 56]",1,1
-0.10700599,0.386651285,-0.953612137,-0.796820709,-0.741100512,dataset/images/maksssksksss296.png,"[334, 147, 47, 47]",1,1
0.19016685,-0.754200281,-0.953612137,-0.796820709,-0.741100512,dataset/images/maksssksksss296.png,"[137, 3, 59, 59]",1,1
-0.264756097,0.016602496,-0.679082396,-0.796820709,-0.741100512,dataset/images/maksssksksss298.png,"[244, 36, 94, 94]",1,1
-0.349014886,-0.754200281,-0.953612137,-0.796820709,-0.741100512,dataset/images/maksssksksss298.png,"[7, 109, 124, 124]",0,0
-0.396289282,0.542013815,0.561131091,-1,-0.648263811,dataset/images/maksssksksss299.png,"[24, 167, 153, 153]",0,1
-0.018954697,-0.754200281,-0.953612137,-0.796820709,-0.741100512,dataset/images/maksssksksss300.png,"[66, 133, 128, 128]",1,1
-0.487046008,-0.754200281,-0.953612137,-0.796820709,-0.741100512,dataset/images/maksssksksss303.png,"[75, 92, 58, 58]",0,0
-0.492736768,-0.754200281,-0.953612137,-0.796820709,-0.741100512,dataset/images/maksssksksss305.png,"[99, 213, 35, 35]",0,0
-0.260013229,-0.754200281,-0.953612137,-0.796820709,-0.741100512,dataset/images/maksssksksss305.png,"[247, 180, 60, 60]",0,0
-0.305667201,-0.754200281,-0.953612137,-0.796820709,-0.741100512,dataset/images/maksssksksss305.png,"[257, 106, 55, 55]",0,1
-0.168922781,-0.372220804,-0.953612137,-0.796820709,-0.741100512,dataset/images/maksssksksss306.png,"[123, 160, 152, 152]",1,1
-0.321209504,-0.754200281,-0.953612137,-0.796820709,-0.741100512,dataset/images/maksssksksss307.png,"[135, 150, 26, 26]",0,0
-0.176065262,-0.264712949,-0.953612137,-0.796820709,-0.741100512,dataset/images/maksssksksss311.png,"[155, 29, 58, 58]",1,1
-0.373538789,-0.754200281,-0.953612137,-0.796820709,-0.741100512,dataset/images/maksssksksss311.png,"[155, 136, 57, 57]",0,0
-0.793086147,-0.754200281,-0.953612137,-0.796820709,-0.741100512,dataset/images/maksssksksss312.png,"[156, 163, 28, 28]",1,1
-0.415359881,-0.754200281,-0.953612137,-0.796820709,-0.741100512,dataset/images/maksssksksss314.png,"[263, 197, 35, 35]",0,0
-0.926102681,-0.754200281,-0.953612137,-0.796820709,-0.741100512,dataset/images/maksssksksss314.png,"[84, 116, 57, 57]",0,0
-0.225096079,0.55871622,0.15151096,-0.796820709,-0.200419698,dataset/images/maksssksksss322.png,"[38, 70, 156, 156]",1,1
-0.576435511,-0.230544417,-0.953612137,-0.796820709,-0.741100512,dataset/images/maksssksksss323.png,"[308, 243, 83, 83]",1,1
-0.410322573,0.616841119,0.480847652,-0.796820709,-0.791970181,dataset/images/maksssksksss324.png,"[62, 85, 195, 195]",1,1
0.022316436,-0.754200281,-0.953612137,-0.796820709,-0.741100512,dataset/images/maksssksksss327.png,"[15, 189, 57, 57]",0,1
-0.039577867,-0.754200281,-0.953612137,-0.796820709,-0.741100512,dataset/images/maksssksksss327.png,"[227, 122, 65, 65]",1,1
-0.198526183,-0.754200281,-0.953612137,-0.796820709,-0.741100512,dataset/images/maksssksksss327.png,"[273, 10, 54, 54]",0,1
0.413403111,-0.754200281,-0.953612137,-0.796820709,-0.741100512,dataset/images/maksssksksss327.png,"[15, 73, 58, 58]",0,1
0.166252058,0.092703554,-0.953612137,-0.796820709,-0.741100512,dataset/images/maksssksksss327.png,"[333, 88, 59, 59]",0,1
-0.389313696,-0.754200281,-0.953612137,-0.796820709,-0.741100512,dataset/images/maksssksksss327.png,"[333, 109, 56, 56]",0,1
-0.538884284,-0.754200281,-0.953612137,-0.796820709,-0.741100512,dataset/images/maksssksksss329.png,"[164, 113, 64, 64]",1,1
0.539214991,-0.754200281,-0.953612137,-0.796820709,-0.741100512,dataset/images/maksssksksss330.png,"[281, 22, 72, 72]",1,1
-0.163930529,-0.754200281,-0.953612137,-0.796820709,-0.741100512,dataset/images/maksssksksss330.png,"[22, 71, 36, 36]",1,1
-0.545838045,-0.754200281,-0.953612137,-0.796820709,-0.741100512,dataset/images/maksssksksss330.png,"[85, 32, 47, 47]",1,1
-0.077176296,0.233837362,0.093564257,-0.796820709,-0.741100512,dataset/images/maksssksksss332.png,"[50, 188, 135, 135]",1,1
-0.407244144,-0.754200281,-0.953612137,-0.796820709,-0.741100512,dataset/images/maksssksksss333.png,"[228, 246, 29, 29]",0,0
-0.672183848,-0.754200281,-0.953612137,-0.703450926,-0.741100512,dataset/images/maksssksksss333.png,"[73, 220, 104, 104]",1,1
-0.397360673,-0.754200281,-0.953612137,-0.796820709,-0.741100512,dataset/images/maksssksksss334.png,"[258, 99, 51, 51]",1,1
-0.33274783,-0.754200281,-0.953612137,-0.796820709,-0.741100512,dataset/images/maksssksksss334.png,"[291, 206, 53, 53]",0,0
-0.517971376,-0.74108356,-0.953612137,-0.796820709,-0.741100512,dataset/images/maksssksksss334.png,"[192, 94, 48, 48]",1,1
0.107273441,-0.754200281,-0.953612137,-0.796820709,-0.741100512,dataset/images/maksssksksss340.png,"[132, 72, 74, 74]",1,1
0.226842735,0.575357865,0.379811827,0.021227157,-0.507172467,dataset/images/maksssksksss343.png,"[70, 90, 174, 174]",0,1
0.932583936,0.650335313,0.879419859,0.531459207,0.721150344,dataset/images/maksssksksss348.png,"[74, 161, 132, 132]",0,1
-0.193839092,0.250550866,0.080313571,-0.796820709,-0.741100512,dataset/images/maksssksksss349.png,"[151, 31, 120, 120]",1,1
-0.109294706,-0.504443637,-0.953612137,-0.796820709,-0.147291439,dataset/images/maksssksksss350.png,"[126, 52, 63, 63]",0,0
0.036662232,-0.021058858,-0.006589594,-0.796820709,-0.741100512,dataset/images/maksssksksss351.png,"[126, 33, 148, 148]",1,1
-0.314756989,-0.754200281,-0.953612137,-0.796820709,-0.741100512,dataset/images/maksssksksss352.png,"[136, 55, 57, 57]",1,1
-0.224293376,-0.754200281,-0.953612137,-0.796820709,-0.741100512,dataset/images/maksssksksss352.png,"[44, 79, 57, 57]",0,1
-0.52210957,-0.754200281,-0.953612137,-0.796820709,-0.741100512,dataset/images/maksssksksss352.png,"[104, 14, 55, 55]",0,0
-0.465163483,-0.754200281,-0.953612137,-0.796820709,-0.741100512,dataset/images/maksssksksss353.png,"[28, 22, 114, 114]",0,0
-0.373189011,-0.754200281,-0.953612137,-0.796820709,-0.741100512,dataset/images/maksssksksss356.png,"[35, 39, 49, 49]",0,0
-0.508323238,-0.754200281,-0.953612137,-0.63469326,-0.145517875,dataset/images/maksssksksss356.png,"[103, 156, 125, 125]",1,1
-0.598612341,-0.754200281,-0.953612137,-0.796820709,-0.741100512,dataset/images/maksssksksss357.png,"[133, 99, 57, 57]",0,0
-0.370597891,-0.754200281,-0.953612137,-0.796820709,-0.741100512,dataset/images/maksssksksss358.png,"[175, 57, 50, 50]",1,1
-0.707770173,-0.754200281,-0.953612137,-0.796820709,-0.741100512,dataset/images/maksssksksss361.png,"[322, 18, 34, 34]",0,1
-0.399901323,-0.754200281,-0.953612137,-0.796820709,-0.741100512,dataset/images/maksssksksss364.png,"[176, 48, 39, 39]",1,1
-0.309994122,-0.754200281,-0.953612137,-0.796820709,-0.741100512,dataset/images/maksssksksss364.png,"[159, 149, 70, 70]",0,0
-0.705607118,-0.754200281,-0.953612137,-0.796820709,-0.741100512,dataset/images/maksssksksss367.png,"[304, 83, 28, 28]",0,0
0.225613501,0.740447476,0.860293704,0.700754115,-0.010084953,dataset/images/maksssksksss370.png,"[118, 111, 132, 132]",0,1
0.102883141,0.254357094,0.346754979,-0.349037097,-0.741100512,dataset/images/maksssksksss371.png,"[156, 12, 121, 121]",1,1
-0.125300171,-0.754200281,-0.953612137,-0.689929888,-0.741100512,dataset/images/maksssksksss371.png,"[284, 21, 87, 87]",0,0
-0.78561375,-0.754200281,-0.953612137,-0.796820709,-0.741100512,dataset/images/maksssksksss373.png,"[364, 51, 27, 27]",0,1
-0.538342723,-0.754200281,-0.953612137,-0.796820709,-0.741100512,dataset/images/maksssksksss373.png,"[16, 42, 59, 59]",1,1
-0.54312745,-0.754200281,-0.953612137,-0.252921762,-0.741100512,dataset/images/maksssksksss373.png,"[35, 82, 94, 94]",1,1
0.299175225,-0.754200281,-0.953612137,-0.796820709,-0.741100512,dataset/images/maksssksksss373.png,"[377, 182, 66, 66]",0,0
-0.613178466,-0.754200281,-0.953612137,-0.796820709,-0.741100512,dataset/images/maksssksksss373.png,"[325, 64, 44, 44]",1,1
-0.043540336,-0.754200281,-0.953612137,-0.796820709,-0.741100512,dataset/images/maksssksksss373.png,"[375, 231, 35, 35]",0,0
-0.548858397,-0.754200281,-0.953612137,-0.796820709,-0.741100512,dataset/images/maksssksksss374.png,"[307, 24, 36, 36]",0,1
-0.270226036,-0.37866331,-1,-0.796820709,-0.741100512,dataset/images/maksssksksss377.png,"[121, 43, 146, 146]",1,1
-0.55172793,-0.754200281,-0.953612137,-0.796820709,-0.741100512,dataset/images/maksssksksss378.png,"[215, 35, 88, 88]",1,1
0.388997802,0.043548278,-0.099573929,-0.796820709,-0.741100512,dataset/images/maksssksksss379.png,"[114, 185, 89, 89]",0,1
-0.439057227,-0.754200281,-0.953612137,-0.796820709,-0.741100512,dataset/images/maksssksksss380.png,"[155, 252, 106, 106]",0,0
-0.516710373,-0.754200281,-0.953612137,-0.796820709,-0.741100512,dataset/images/maksssksksss382.png,"[269, 84, 103, 103]",0,0
0.055396323,-0.754200281,-0.953612137,-0.796820709,-0.741100512,dataset/images/maksssksksss383.png,"[73, 157, 135, 135]",1,1
-0.545575536,-0.178270513,-0.953612137,-0.796820709,-0.741100512,dataset/images/maksssksksss384.png,"[64, 180, 136, 136]",0,0
-0.145136844,0.067338289,-0.22212532,-0.796820709,-0.776206698,dataset/images/maksssksksss385.png,"[109, 64, 63, 63]",0,1
-0.552678878,-0.754200281,-0.953612137,-0.796820709,-0.741100512,dataset/images/maksssksksss388.png,"[184, 88, 40, 40]",1,1
-0.585914179,-0.754200281,-0.953612137,-0.796820709,-0.741100512,dataset/images/maksssksksss389.png,"[329, 93, 59, 59]",0,0
-0.463769836,-0.754200281,-0.953612137,-0.796820709,-0.741100512,dataset/images/maksssksksss389.png,"[332, 48, 57, 57]",1,1
0.320452781,-0.133830253,-0.766247721,-0.796820709,-0.741100512,dataset/images/maksssksksss389.png,"[115, 134, 80, 80]",1,1
-0.467613525,-0.754200281,-0.953612137,-0.796820709,-0.741100512,dataset/images/maksssksksss39.png,"[122, 218, 88, 88]",0,0
-0.023653241,-0.129518876,-0.769550812,-0.796820709,-0.741100512,dataset/images/maksssksksss392.png,"[159, 52, 141, 141]",1,1
-0.117175113,-0.754200281,-0.953612137,-0.796820709,-0.741100512,dataset/images/maksssksksss395.png,"[52, 123, 51, 51]",0,0
0.435968869,-0.754200281,-0.953612137,-0.796820709,-0.489311859,dataset/images/maksssksksss396.png,"[300, 73, 58, 58]",1,1
-0.505176658,-0.754200281,-0.953612137,-0.796820709,-0.741100512,dataset/images/maksssksksss397.png,"[233, 3, 38, 38]",1,1
-0.125007665,-0.754200281,-0.953612137,-0.796820709,-0.741100512,dataset/images/maksssksksss397.png,"[294, 36, 67, 67]",1,1
-0.781416422,-0.754200281,-0.953612137,-0.796820709,-0.741100512,dataset/images/maksssksksss397.png,"[307, 128, 25, 25]",0,0
-0.232202793,-0.700422855,-0.953612137,-0.796820709,-0.741100512,dataset/images/maksssksksss397.png,"[172, 41, 88, 88]",1,1
-0.610946801,-0.754200281,-0.953612137,-0.796820709,-0.741100512,dataset/images/maksssksksss4.png,"[158, 107, 30, 30]",0,0
-0.352075742,-0.754200281,-0.953612137,-0.796820709,-0.741100512,dataset/images/maksssksksss40.png,"[60, 80, 50, 50]",1,1
-0.081567081,-0.754200281,-0.953612137,-0.796820709,-0.741100512,dataset/images/maksssksksss40.png,"[240, 128, 82, 82]",0,0
-0.315227028,-0.534799071,-0.267602271,-0.796820709,-0.302482281,dataset/images/maksssksksss40.png,"[167, 20, 157, 157]",0,0
-0.213846907,-0.754200281,-0.953612137,-0.796820709,-0.741100512,dataset/images/maksssksksss40.png,"[2, 85, 61, 61]",0,0
-0.208975692,-0.754200281,-0.953612137,-0.796820709,-0.741100512,dataset/images/maksssksksss69.png,"[83, 294, 50, 50]",0,0
-0.705607118,-0.754200281,-0.953612137,-0.796820709,-0.741100512,dataset/images/maksssksksss367.png,"[304, 83, 28, 28]",0,0
-0.167456997,-0.754200281,-0.953612137,-0.796820709,-0.741100512,dataset/images/maksssksksss96.png,"[241, 80, 42, 42]",0,1
-0.037077552,-0.754200281,-0.953612137,-0.796820709,-0.530259528,dataset/images/maksssksksss96.png,"[61, 143, 55, 55]",0,1
-0.347207417,-0.754200281,-0.953612137,-0.796820709,-0.741100512,dataset/images/maksssksksss96.png,"[291, 147, 44, 44]",1,1
-0.413901749,-0.754200281,-0.953612137,-0.796820709,-0.741100512,dataset/images/maksssksksss82.png,"[82, 26, 66, 66]",0,0
-0.10363327,-0.164237934,0.409138025,-0.796820709,-0.436605735,dataset/images/maksssksksss561.png,"[66, 136, 133, 133]",0,1
-0.767829058,-0.754200281,-0.953612137,-0.796820709,-0.741100512,dataset/images/maksssksksss575.png,"[224, 151, 32, 32]",0,1
-0.481253628,-0.754200281,-0.953612137,-0.796820709,-0.741100512,dataset/images/maksssksksss777.png,"[137, 80, 28, 28]",0,0
-0.371948454,-0.754200281,-0.953612137,-0.796820709,-0.741100512,dataset/images/maksssksksss777.png,"[186, 48, 37, 37]",1,1
-0.264135847,-0.754200281,-0.953612137,-0.796820709,-0.741100512,dataset/images/maksssksksss788.png,"[371, 122, 52, 52]",0,0
-0.122848897,-0.140975502,-0.207984845,-0.796820709,-0.741100512,dataset/images/maksssksksss798.png,"[148, 210, 114, 114]",1,1
-0.181904094,-0.754200281,-0.953612137,-0.796820709,-0.741100512,dataset/images/maksssksksss559.png,"[260, 209, 42, 42]",0,0
-0.688237461,-0.754200281,-0.953612137,-0.109897383,-0.741100512,dataset/images/maksssksksss559.png,"[83, 160, 66, 66]",1,1
0.066351966,0.258361808,-0.13436646,-0.372941294,-0.741100512,dataset/images/maksssksksss217.png,"[102, 179, 128, 128]",0,1
0.049843404,0.224507338,-0.730014426,-0.796820709,-0.741100512,dataset/images/maksssksksss571.png,"[106, 182, 99, 99]",0,1
-0.013171631,0.602847264,0.885193911,-0.321412172,-0.741100512,dataset/images/maksssksksss565.png,"[112, 166, 127, 127]",0,1
0.328430078,0.336002355,-0.879409962,-0.501576132,-0.741100512,dataset/images/maksssksksss86.png,"[328, 126, 67, 67]",0,1
-0.552678878,-0.754200281,-0.953612137,-0.796820709,-0.741100512,dataset/images/maksssksksss388.png,"[184, 88, 40, 40]",1,1
0.674182484,0.452590042,0.061782575,-0.242801089,-0.741100512,dataset/images/maksssksksss51.png,"[99, 133, 125, 125]",0,1
-0.563324434,-0.754200281,-0.953612137,-0.796820709,-0.741100512,dataset/images/maksssksksss79.png,"[219, 220, 53, 53]",0,0
-0.15805702,-0.754200281,-0.953612137,-0.796820709,-0.741100512,dataset/images/maksssksksss79.png,"[89, 155, 97, 97]",0,0
-0.270226036,-0.37866331,-1,-0.796820709,-0.741100512,dataset/images/maksssksksss377.png,"[121, 43, 146, 146]",1,1
0.190068586,-0.123283268,-0.047291982,-0.642034436,-0.741100512,dataset/images/maksssksksss808.png,"[93, 108, 131, 131]",1,1
-0.024070572,-0.70840372,-0.71392801,-0.796820709,-0.741100512,dataset/images/maksssksksss607.png,"[58, 42, 104, 104]",1,1
-0.173690387,-0.159883016,-0.363362214,-0.796820709,-0.741100512,dataset/images/maksssksksss607.png,"[215, 43, 162, 162]",1,1
-0.104338526,0.044748851,-0.953612137,-0.886823338,-0.741100512,dataset/images/maksssksksss161.png,"[113, 211, 95, 95]",0,1
-0.247031761,-0.901753402,-0.467436409,-0.796820709,-0.741100512,dataset/images/maksssksksss175.png,"[107, 48, 66, 66]",1,1
0.469209513,-0.228371756,-0.667873272,-0.330410225,-0.741100512,dataset/images/maksssksksss148.png,"[323, 68, 72, 72]",0,1
-0.418035491,-0.754200281,-0.953612137,-0.796820709,-0.741100512,dataset/images/maksssksksss148.png,"[64, 85, 63, 63]",0,1
-0.23216827,-0.754200281,-0.953612137,-0.796820709,-0.741100512,dataset/images/maksssksksss809.png,"[285, 34, 57, 57]",1,1
0.111477153,0.051889871,-0.953612137,-0.796820709,-0.741100512,dataset/images/maksssksksss809.png,"[21, 69, 51, 51]",0,1
-0.250894128,-0.35669898,-0.121005415,-0.796820709,-0.741100512,dataset/images/maksssksksss404.png,"[106, 200, 91, 91]",0,1
-0.698905044,-0.754200281,-0.953612137,-0.796820709,-0.741100512,dataset/images/maksssksksss438.png,"[29, 1, 30, 30]",0,0
-0.435122437,-0.754200281,-0.953612137,-0.796820709,-0.741100512,dataset/images/maksssksksss438.png,"[97, 52, 46, 46]",0,0
-0.729134502,0.744063243,-0.953612137,-0.796820709,-0.741100512,dataset/images/maksssksksss438.png,"[50, 116, 54, 54]",0,0
-0.585914179,-0.754200281,-0.953612137,-0.796820709,-0.741100512,dataset/images/maksssksksss389.png,"[329, 93, 59, 59]",0,0
-0.463769836,-0.754200281,-0.953612137,-0.796820709,-0.741100512,dataset/images/maksssksksss389.png,"[332, 48, 57, 57]",0,1
0.320452781,-0.133830253,-0.766247721,-0.796820709,-0.741100512,dataset/images/maksssksksss389.png,"[115, 134, 80, 80]",1,1
-0.325309167,-0.754200281,-0.953612137,-0.796820709,-0.741100512,dataset/images/maksssksksss202.png,"[364, 71, 33, 33]",0,0
-0.146253589,-0.754200281,-0.953612137,-0.796820709,-0.741100512,dataset/images/maksssksksss202.png,"[39, 272, 27, 27]",0,0
-0.013965676,-0.754200281,-0.953612137,-0.796820709,-0.741100512,dataset/images/maksssksksss570.png,"[57, 179, 63, 63]",0,0
-0.632755953,-0.754200281,-0.953612137,-0.796820709,-0.741100512,dataset/images/maksssksksss558.png,"[7, 125, 77, 77]",1,1
-0.371339801,-0.754200281,-0.953612137,-0.796820709,-0.741100512,dataset/images/maksssksksss799.png,"[347, 99, 35, 35]",0,0
-0.379685092,-0.754200281,-0.953612137,-0.478057708,-0.741100512,dataset/images/maksssksksss799.png,"[77, 225, 64, 64]",1,1
-0.547232323,-0.754200281,-0.953612137,-0.796820709,-0.741100512,dataset/images/maksssksksss758.png,"[329, 191, 29, 29]",0,0
-0.450473717,-0.237442528,-0.953612137,-0.796820709,-0.741100512,dataset/images/maksssksksss228.png,"[43, 224, 151, 151]",1,1
-0.196514259,-0.721626406,-0.494903787,-0.796820709,-0.741100512,dataset/images/maksssksksss228.png,"[23, 188, 134, 134]",1,1
-0.040639451,-0.847940304,-0.953612137,-0.796820709,-0.741100512,dataset/images/maksssksksss200.png,"[104, 213, 96, 96]",0,0
-0.138259782,-0.754200281,-0.953612137,-0.796820709,-0.741100512,dataset/images/maksssksksss200.png,"[88, 98, 124, 124]",0,0
-0.594676953,-0.754200281,-0.953612137,-0.796820709,-0.741100512,dataset/images/maksssksksss572.png,"[85, 75, 36, 36]",0,0
-0.303641669,-0.754200281,-0.953612137,-0.796820709,-0.741100512,dataset/images/maksssksksss572.png,"[141, 86, 35, 35]",0,0
-0.639302463,-0.754200281,-0.953612137,-0.796820709,-0.741100512,dataset/images/maksssksksss572.png,"[242, 11, 50, 50]",0,0
0.932583936,0.650335313,0.879419859,0.531459207,0.721150344,dataset/images/maksssksksss348.png,"[74, 161, 132, 132]",0,1
-0.548858397,-0.754200281,-0.953612137,-0.796820709,-0.741100512,dataset/images/maksssksksss374.png,"[307, 24, 36, 36]",0,1
0.254444596,-0.173921436,0.069446834,-0.796820709,-0.741100512,dataset/images/maksssksksss412.png,"[180, 78, 99, 99]",1,1
0.04290095,-0.714420004,-0.953612137,-0.796820709,-0.741100512,dataset/images/maksssksksss412.png,"[308, 177, 88, 88]",1,1
-0.236023901,-0.754200281,-0.953612137,-0.796820709,-0.741100512,dataset/images/maksssksksss406.png,"[173, 71, 65, 65]",1,1
0.085650402,0.781630341,0.536482391,-0.65354524,-0.741100512,dataset/images/maksssksksss837.png,"[76, 119, 133, 133]",0,1
-0.650070433,-0.754200281,-0.953612137,-0.796820709,-0.741100512,dataset/images/maksssksksss823.png,"[341, 114, 34, 34]",0,0
0.10659877,-0.754200281,-0.953612137,-0.796820709,-0.741100512,dataset/images/maksssksksss823.png,"[70, 11, 69, 69]",0,0
-0.367410834,-0.754200281,-0.953612137,-0.796820709,-0.741100512,dataset/images/maksssksksss176.png,"[124, 50, 37, 37]",1,1
-0.193316003,-0.754200281,-0.953612137,-0.796820709,-0.741100512,dataset/images/maksssksksss176.png,"[216, 34, 53, 53]",1,1
0.383350317,0.101185949,-0.22672847,-0.723525615,-0.741100512,dataset/images/maksssksksss162.png,"[77, 163, 121, 121]",1,1
-0.438462462,-0.754200281,-0.953612137,-0.796820709,-0.741100512,dataset/images/maksssksksss604.png,"[62, 120, 73, 73]",0,0
-0.350921824,-0.754200281,-0.953612137,-0.796820709,-0.741100512,dataset/images/maksssksksss177.png,"[146, 135, 54, 54]",1,1
-0.550394503,-0.754200281,-0.953612137,-0.796820709,-0.741100512,dataset/images/maksssksksss177.png,"[133, 52, 66, 66]",0,0
-0.532814862,-0.754200281,-0.953612137,-0.796820709,-0.741100512,dataset/images/maksssksksss639.png,"[332, 41, 38, 38]",1,1
0.563008719,-0.050985612,-0.953612137,-0.796820709,-0.741100512,dataset/images/maksssksksss822.png,"[131, 9, 59, 59]",0,0
-0.08154768,0.360899344,-0.965205469,-0.796820709,-1,dataset/images/maksssksksss836.png,"[80, 41, 102, 102]",0,0
0.539222631,-0.360940831,-0.953612137,-0.796820709,-0.741100512,dataset/images/maksssksksss188.png,"[87, 182, 125, 125]",1,1
-0.707770173,-0.754200281,-0.953612137,-0.796820709,-0.741100512,dataset/images/maksssksksss361.png,"[322, 18, 34, 34]",0,0
-0.193839092,0.250550866,0.080313571,-0.796820709,-0.741100512,dataset/images/maksssksksss349.png,"[151, 31, 120, 120]",1,1
-0.274615293,-0.754200281,-0.953612137,-0.796820709,-0.741100512,dataset/images/maksssksksss573.png,"[478, 137, 26, 26]",0,0
-0.935483866,-0.975291495,-0.953612137,-0.796820709,-0.741100512,dataset/images/maksssksksss573.png,"[438, 37, 62, 62]",1,1
-0.155168247,-0.754200281,-0.953612137,-0.796820709,-0.741100512,dataset/images/maksssksksss215.png,"[158, 165, 124, 124]",0,0
-0.684861362,-0.69671475,-0.680234908,-0.557207653,-0.541928101,dataset/images/maksssksksss598.png,"[96, 183, 144, 144]",1,1
-0.664509134,-0.754200281,-0.953612137,-0.796820709,-0.741100512,dataset/images/maksssksksss765.png,"[61, 266, 28, 28]",0,0
0.323858505,-0.754200281,-0.953612137,-0.2033501,-0.31969285,dataset/images/maksssksksss759.png,"[268, 76, 64, 64]",0,1
-0.449186592,-0.754200281,-0.953612137,-0.796820709,-0.741100512,dataset/images/maksssksksss783.png,"[13, 21, 25, 25]",0,0
-0.725595518,-0.754200281,-0.953612137,-0.796820709,-0.741100512,dataset/images/maksssksksss783.png,"[328, 22, 26, 26]",1,1
-0.265229808,-0.294208391,-0.953612137,-0.796820709,-0.741100512,dataset/images/maksssksksss783.png,"[309, 131, 73, 73]",0,0
-0.292140971,-0.399302839,-0.953612137,-0.796820709,-0.741100512,dataset/images/maksssksksss783.png,"[174, 110, 100, 100]",0,0
0.269747281,0.147227258,-0.953612137,-0.796820709,-0.741100512,dataset/images/maksssksksss783.png,"[214, 153, 82, 82]",0,0
-0.44969759,-0.754200281,-0.953612137,-0.796820709,-0.741100512,dataset/images/maksssksksss740.png,"[227, 134, 26, 26]",0,0
-0.689464568,-0.754200281,-0.953612137,-0.796820709,-0.741100512,dataset/images/maksssksksss768.png,"[78, 110, 31, 31]",0,0
0.536198152,0.086799583,-0.133479509,-0.796820709,0.129906568,dataset/images/maksssksksss581.png,"[67, 172, 155, 155]",1,1
-0.196347654,0.209390906,0.195715227,-0.796820709,-0.741100512,dataset/images/maksssksksss542.png,"[153, 31, 99, 99]",1,1
-0.104454789,-0.344895334,0.07595126,-0.796820709,-0.741100512,dataset/images/maksssksksss224.png,"[207, 102, 91, 91]",1,1
-0.55930914,-0.754200281,-0.953612137,-0.796820709,-0.741100512,dataset/images/maksssksksss230.png,"[8, 275, 41, 41]",0,0
-0.360382827,-0.754200281,-0.953612137,-0.796820709,-0.741100512,dataset/images/maksssksksss230.png,"[382, 203, 47, 47]",0,0
-0.629425266,-0.754200281,-0.953612137,-0.796820709,-0.741100512,dataset/images/maksssksksss230.png,"[108, 189, 56, 56]",0,0
0.21614598,0.448873479,0.472655521,-0.98494829,0.13010239,dataset/images/maksssksksss218.png,"[122, 201, 139, 139]",0,1
-0.494875067,-0.754200281,-0.953612137,-0.796820709,-0.741100512,dataset/images/maksssksksss436.png,"[76, 328, 62, 62]",0,0
-0.109294706,-0.504443637,-0.953612137,-0.796820709,-0.147291439,dataset/images/maksssksksss350.png,"[126, 52, 63, 63]",0,0
-0.439402562,0.355481853,-0.953612137,-0.796820709,-0.741100512,dataset/images/maksssksksss422.png,"[201, 124, 77, 77]",0,0
-0.403170762,0.860987044,-0.953612137,-0.796820709,-0.741100512,dataset/images/maksssksksss422.png,"[192, 333, 51, 51]",0,0
-0.55172793,-0.754200281,-0.953612137,-0.796820709,-0.741100512,dataset/images/maksssksksss378.png,"[215, 35, 88, 88]",1,1
0.328163567,-0.365614177,-0.553858292,-0.796820709,-0.741100512,dataset/images/maksssksksss191.png,"[214, 68, 94, 94]",1,1
-0.373619938,-0.754200281,-0.953612137,-0.796820709,-0.741100512,dataset/images/maksssksksss620.png,"[217, 123, 35, 35]",0,0
0.613272293,0.52469066,0.69412005,0.758377816,1,dataset/images/maksssksksss609.png,"[70, 59, 186, 186]",0,1
-0.01229098,-0.754200281,-0.953612137,-0.796820709,-0.741100512,dataset/images/maksssksksss153.png,"[71, 64, 30, 30]",0,0
-0.170498739,0.015168458,-0.953612137,-0.796820709,-0.741100512,dataset/images/maksssksksss635.png,"[59, 78, 207, 207]",1,1
-0.523143485,-0.754200281,-0.953612137,-0.796820709,-0.741100512,dataset/images/maksssksksss806.png,"[282, 13, 46, 46]",1,1
-0.225664237,-0.754200281,-0.953612137,-0.796820709,-0.741100512,dataset/images/maksssksksss806.png,"[251, 172, 52, 52]",0,0
0.112709304,-0.754200281,-0.953612137,-0.796820709,-0.741100512,dataset/images/maksssksksss812.png,"[282, 39, 76, 76]",1,1
-0.034925325,-0.754200281,-0.953612137,-0.796820709,-0.741100512,dataset/images/maksssksksss812.png,"[61, 78, 58, 58]",1,1
-0.325268839,-0.754200281,-0.953612137,-0.796820709,-0.741100512,dataset/images/maksssksksss812.png,"[335, 245, 60, 60]",0,0
-0.592056643,-0.190444459,-0.331916255,-0.796820709,-0.741100512,dataset/images/maksssksksss190.png,"[126, 58, 97, 97]",1,1
0.388997802,0.043548278,-0.099573929,-0.796820709,-0.741100512,dataset/images/maksssksksss379.png,"[114, 185, 89, 89]",0,1
-0.21993574,-0.760359527,-0.953612137,-0.796820709,-0.880543388,dataset/images/maksssksksss63.png,"[120, 46, 162, 162]",1,1
-0.350271335,-0.754200281,-0.953612137,-0.796820709,-0.741100512,dataset/images/maksssksksss63.png,"[129, 139, 64, 64]",0,0
0.036662232,-0.021058858,-0.006589594,-0.796820709,-0.741100512,dataset/images/maksssksksss351.png,"[126, 33, 148, 148]",1,1
0.032067435,0.84011776,0.210207695,-0.11210122,-0.741100512,dataset/images/maksssksksss88.png,"[16, 142, 164, 164]",1,1
-0.023653241,-0.129518876,-0.769550812,-0.796820709,-0.741100512,dataset/images/maksssksksss392.png,"[159, 52, 141, 141]",1,1
-0.023493091,-0.754200281,-0.953612137,-0.796820709,-0.741100512,dataset/images/maksssksksss219.png,"[215, 127, 73, 73]",0,0
-0.307540233,-0.754200281,-0.953612137,-0.796820709,-0.741100512,dataset/images/maksssksksss543.png,"[276, 140, 25, 25]",0,0
-0.492579983,-0.754200281,-0.953612137,-0.796820709,-0.741100512,dataset/images/maksssksksss594.png,"[228, 153, 50, 50]",0,0
-0.128230674,-0.754200281,-0.953612137,-0.796820709,-0.741100512,dataset/images/maksssksksss741.png,"[163, 32, 25, 25]",0,0
-0.784866633,-0.754200281,-0.953612137,-0.796820709,-0.741100512,dataset/images/maksssksksss796.png,"[17, 28, 29, 29]",0,0
-0.458807702,-0.754200281,-0.953612137,-0.796820709,-0.741100512,dataset/images/maksssksksss780.png,"[90, 41, 67, 67]",1,1
0.862001897,0.561129195,0.408959737,1,-0.64681672,dataset/images/maksssksksss757.png,"[83, 151, 155, 155]",0,1
0.445624349,0.316254581,-0.953612137,-0.796820709,-0.741100512,dataset/images/maksssksksss743.png,"[105, 150, 110, 110]",1,1
-0.129968148,0.655765804,-0.953612137,-0.796820709,-0.741100512,dataset/images/maksssksksss541.png,"[81, 118, 147, 147]",1,1
-0.545575536,-0.178270513,-0.953612137,-0.796820709,-0.741100512,dataset/images/maksssksksss384.png,"[64, 180, 136, 136]",0,0
-0.465163483,-0.754200281,-0.953612137,-0.796820709,-0.741100512,dataset/images/maksssksksss353.png,"[28, 22, 114, 114]",0,0
-0.77728619,-0.41486876,-0.953612137,-0.796820709,-0.741100512,dataset/images/maksssksksss435.png,"[257, 58, 80, 80]",0,0
-0.569753158,-0.754200281,-0.953612137,-0.796820709,-0.741100512,dataset/images/maksssksksss435.png,"[128, 184, 70, 70]",0,0
-0.355192059,-0.754200281,-0.953612137,-0.796820709,-0.741100512,dataset/images/maksssksksss409.png,"[93, 196, 97, 97]",1,1
-0.077158263,0.271312078,0.078581193,-0.796820709,-0.554165963,dataset/images/maksssksksss838.png,"[128, 131, 173, 173]",1,1
-0.51106272,-0.754200281,-0.953612137,-0.796820709,-0.741100512,dataset/images/maksssksksss810.png,"[96, 266, 97, 97]",1,1
-0.371174466,-0.754200281,-0.953612137,-0.796820709,-0.741100512,dataset/images/maksssksksss145.png,"[180, 97, 24, 24]",0,1
-0.040398028,0.127381504,-0.953612137,-0.796820709,-0.741100512,dataset/images/maksssksksss637.png,"[16, 17, 59, 59]",0,0
0.017020381,-0.754200281,-0.953612137,-0.796820709,-0.741100512,dataset/images/maksssksksss179.png,"[88, 48, 26, 26]",0,0
-0.569699505,-0.754200281,-0.953612137,-0.487280959,-0.741100512,dataset/images/maksssksksss179.png,"[17, 183, 60, 60]",0,0
0.14189015,-0.754200281,-0.953612137,-0.796820709,-0.741100512,dataset/images/maksssksksss636.png,"[281, 46, 56, 56]",0,0
0.277150455,0.387910486,0.154517996,-0.796820709,-0.741100512,dataset/images/maksssksksss150.png,"[46, 113, 127, 127]",1,1
-0.558754275,-0.754200281,-0.953612137,-0.796820709,-0.741100512,dataset/images/maksssksksss622.png,"[193, 36, 142, 142]",0,0
-0.839639845,-0.754200281,-0.953612137,-0.796820709,-0.741100512,dataset/images/maksssksksss805.png,"[224, 126, 57, 57]",0,0
-0.521999539,-0.754200281,-0.953612137,-0.796820709,-0.741100512,dataset/images/maksssksksss193.png,"[106, 254, 44, 44]",0,0
-0.755388552,-0.463916618,-0.953612137,-0.796820709,-0.214370567,dataset/images/maksssksksss193.png,"[4, 212, 103, 103]",0,0
-0.495151206,0.140936867,-0.953612137,-0.796820709,-0.741100512,dataset/images/maksssksksss187.png,"[225, 76, 108, 108]",1,1
-0.042203065,-0.754200281,-0.953612137,-0.796820709,-0.741100512,dataset/images/maksssksksss74.png,"[349, 108, 50, 50]",0,0
-0.298109826,-0.754200281,-0.953612137,-0.796820709,-0.741100512,dataset/images/maksssksksss74.png,"[84, 126, 54, 54]",1,1
0.010057616,-0.385791377,-0.627078845,-0.796820709,-0.741100512,dataset/images/maksssksksss60.png,"[61, 168, 112, 112]",1,1
-0.52210957,-0.754200281,-0.953612137,-0.796820709,-0.741100512,dataset/images/maksssksksss352.png,"[104, 14, 55, 55]",0,0
-0.314756989,-0.754200281,-0.953612137,-0.796820709,-0.741100512,dataset/images/maksssksksss352.png,"[136, 55, 57, 57]",1,1
-0.224293376,-0.754200281,-0.953612137,-0.796820709,-0.741100512,dataset/images/maksssksksss352.png,"[44, 79, 57, 57]",0,1
0.573322085,0.928529496,0.410242991,0.518749352,0.536484677,dataset/images/maksssksksss48.png,"[64, 126, 149, 149]",0,1
0.156643649,0.959928626,0.58335739,-0.545117646,-0.741100512,dataset/images/maksssksksss420.png,"[80, 147, 119, 119]",0,1
-0.145136844,0.067338289,-0.22212532,-0.796820709,-0.776206698,dataset/images/maksssksksss385.png,"[109, 64, 63, 63]",1,1
0.299081429,-0.02809101,1,-0.398346002,-0.746414151,dataset/images/maksssksksss540.png,"[91, 105, 124, 124]",0,1
-0.551739865,-0.754200281,-0.953612137,-0.796820709,-0.741100512,dataset/images/maksssksksss554.png,"[128, 184, 70, 70]",0,0
0.433625633,-0.754200281,-0.953612137,-0.796820709,-0.741100512,dataset/images/maksssksksss583.png,"[264, 37, 93, 93]",1,1
-0.043586916,-0.262210827,-0.953612137,-0.796820709,-0.741100512,dataset/images/maksssksksss597.png,"[268, 105, 64, 64]",0,0
-0.564547414,-0.754200281,-0.953612137,-0.796820709,-0.741100512,dataset/images/maksssksksss756.png,"[213, 35, 40, 40]",1,1
-0.498451653,-0.686655194,-0.369159255,-0.796820709,-0.801614358,dataset/images/maksssksksss781.png,"[72, 183, 133, 133]",1,1
-0.501094263,-0.754200281,-0.953612137,-0.796820709,-0.741100512,dataset/images/maksssksksss795.png,"[213, 101, 26, 26]",0,0
-0.517521043,-0.352549816,-0.953612137,-0.796820709,-0.741100512,dataset/images/maksssksksss785.png,"[109, 69, 117, 117]",0,1
-0.558491742,-0.754200281,-0.953612137,-0.796820709,-0.741100512,dataset/images/maksssksksss752.png,"[102, 21, 35, 35]",0,0
-0.221384578,0.101749583,-0.953612137,-0.796820709,-0.741100512,dataset/images/maksssksksss587.png,"[28, 112, 97, 97]",0,0
-0.665272577,-0.754200281,-0.953612137,-0.796820709,-0.741100512,dataset/images/maksssksksss587.png,"[49, 190, 67, 67]",0,0
-0.664516614,-0.369148666,-0.953612137,-0.796820709,-0.741100512,dataset/images/maksssksksss578.png,"[216, 116, 77, 77]",0,0
0.68560238,-0.179741129,-0.953612137,-0.343933881,-0.640288248,dataset/images/maksssksksss236.png,"[147, 138, 128, 128]",0,1
0.904740477,0.752132717,-0.074696983,-0.469350944,-0.741100512,dataset/images/maksssksksss544.png,"[130, 175, 121, 121]",0,1
-0.117175113,-0.754200281,-0.953612137,-0.796820709,-0.741100512,dataset/images/maksssksksss395.png,"[52, 123, 51, 51]",0,0
-0.373189011,-0.754200281,-0.953612137,-0.796820709,-0.741100512,dataset/images/maksssksksss356.png,"[35, 39, 49, 49]",0,0
-0.508323238,-0.754200281,-0.953612137,-0.63469326,-0.145517875,dataset/images/maksssksksss356.png,"[103, 156, 125, 125]",1,1
0.226299634,-0.754200281,-0.953612137,-0.796820709,-0.741100512,dataset/images/maksssksksss801.png,"[275, 44, 57, 57]",0,0
-0.415666727,-0.754200281,-0.953612137,-0.796820709,-0.741100512,dataset/images/maksssksksss197.png,"[164, 73, 55, 55]",1,1
-0.076094098,-0.754200281,-0.953612137,-0.796820709,-0.741100512,dataset/images/maksssksksss829.png,"[272, 76, 35, 35]",1,1
-0.071863758,-0.754200281,-0.953612137,-0.796820709,-0.741100512,dataset/images/maksssksksss829.png,"[291, 68, 50, 50]",0,0
-0.408447106,-0.754200281,-0.953612137,-0.796820709,-0.741100512,dataset/images/maksssksksss8.png,"[102, 101, 38, 38]",0,0
-0.684216052,-0.754200281,-0.953612137,-0.796820709,-0.741100512,dataset/images/maksssksksss8.png,"[97, 167, 32, 32]",0,0
-0.788419698,-0.754200281,-0.953612137,-0.796820709,-0.741100512,dataset/images/maksssksksss8.png,"[161, 283, 55, 55]",0,0
-0.577746327,-0.754200281,-0.953612137,-0.796820709,-0.741100512,dataset/images/maksssksksss8.png,"[162, 302, 55, 55]",0,0
-0.158563444,-0.692252848,-0.953612137,-0.796820709,-0.741100512,dataset/images/maksssksksss8.png,"[165, 342, 50, 50]",0,0
-0.300745393,-0.754200281,-0.953612137,-0.796820709,-0.741100512,dataset/images/maksssksksss140.png,"[180, 154, 76, 76]",0,0
-0.661251139,-0.754200281,-0.953612137,-0.055719769,-0.741100512,dataset/images/maksssksksss140.png,"[247, 131, 107, 107]",0,0
0.011441036,-0.754200281,-0.953612137,-0.796820709,-0.741100512,dataset/images/maksssksksss154.png,"[81, 320, 28, 28]",0,0
-0.556847777,0.828670019,-0.025187897,-0.796820709,-0.60210779,dataset/images/maksssksksss154.png,"[86, 181, 110, 110]",0,1
-0.524882352,-0.754200281,-0.953612137,-0.796820709,-0.741100512,dataset/images/maksssksksss633.png,"[80, 31, 26, 26]",0,0
-0.571051605,-0.754200281,-0.953612137,-0.796820709,-0.741100512,dataset/images/maksssksksss633.png,"[118, 138, 49, 49]",0,0
-0.218981275,-0.754200281,-0.953612137,-0.796820709,-0.741100512,dataset/images/maksssksksss627.png,"[158, 65, 61, 61]",0,1
-0.286902067,-0.754200281,-0.953612137,-0.796820709,-0.741100512,dataset/images/maksssksksss141.png,"[222, 120, 38, 38]",1,1
-0.532814862,-0.754200281,-0.953612137,-0.796820709,-0.741100512,dataset/images/maksssksksss639.png,"[332, 41, 38, 38]",0,0
-0.323534556,-0.754200281,-0.953612137,-0.796820709,-0.741100512,dataset/images/maksssksksss640.png,"[170, 61, 31, 31]",0,0
-0.374013273,-0.754200281,-0.953612137,-0.796820709,-0.741100512,dataset/images/maksssksksss640.png,"[27, 132, 26, 26]",0,0
-0.388743534,-0.754200281,-0.953612137,-0.796820709,-0.741100512,dataset/images/maksssksksss640.png,"[113, 75, 52, 52]",1,1
0.193053801,0.546097209,-0.953612137,-0.796820709,-0.741100512,dataset/images/maksssksksss641.png,"[46, 189, 67, 67]",1,1
0.004801037,-0.754200281,-0.953612137,-0.796820709,-0.741100512,dataset/images/maksssksksss641.png,"[206, 267, 44, 44]",1,1
-0.570849431,-0.183657547,-0.953612137,-0.796820709,-0.741100512,dataset/images/maksssksksss642.png,"[78, 172, 134, 134]",0,0
0.025031616,0.487134893,0.40655911,-0.796820709,-0.741100512,dataset/images/maksssksksss644.png,"[45, 171, 142, 142]",1,1
0.022682552,-0.754200281,-0.953612137,-0.796820709,-0.741100512,dataset/images/maksssksksss644.png,"[143, 246, 108, 108]",0,0
0.062704905,0.270964513,0.544722005,-0.796820709,-0.741100512,dataset/images/maksssksksss645.png,"[44, 156, 147, 147]",1,1
0.192106819,0.052922845,-0.116013567,-0.796820709,-0.741100512,dataset/images/maksssksksss646.png,"[72, 170, 154, 154]",1,1
-0.725048894,-0.754200281,-0.953612137,-0.796820709,-0.741100512,dataset/images/maksssksksss647.png,"[297, 124, 43, 43]",1,1
-0.431918091,-0.131033275,-0.511944002,-0.796820709,-0.741100512,dataset/images/maksssksksss647.png,"[184, 126, 90, 90]",1,1
-0.389284801,-0.754200281,-0.953612137,-0.796820709,-0.741100512,dataset/images/maksssksksss647.png,"[308, 37, 45, 45]",0,1
-0.247571361,-0.754200281,-0.953612137,-0.796820709,-0.741100512,dataset/images/maksssksksss647.png,"[183, 48, 31, 31]",1,1
-0.349508483,-0.489793514,-0.953612137,-0.796820709,-0.741100512,dataset/images/maksssksksss649.png,"[141, 241, 115, 115]",1,1
-0.511331341,-0.754200281,-0.953612137,-0.796820709,-0.741100512,dataset/images/maksssksksss652.png,"[231, 207, 64, 64]",0,0
-0.682167286,-0.754200281,-0.953612137,-0.796820709,-0.741100512,dataset/images/maksssksksss655.png,"[48, 211, 35, 35]",0,0
0.05225372,1,0.145250837,-0.235688399,-0.114100128,dataset/images/maksssksksss655.png,"[89, 149, 138, 138]",1,1
-0.700176448,-0.754200281,-0.953612137,-0.796820709,-0.741100512,dataset/images/maksssksksss655.png,"[47, 293, 35, 35]",0,1
-0.38478186,-0.754200281,-0.953612137,-0.796820709,-0.741100512,dataset/images/maksssksksss656.png,"[287, 98, 31, 31]",0,0
0.012933876,0.112270768,-0.248313766,-0.796820709,-0.741100512,dataset/images/maksssksksss658.png,"[56, 5, 166, 166]",1,1
-0.35070701,-0.413782798,-0.953612137,-0.796820709,-0.741100512,dataset/images/maksssksksss659.png,"[70, 289, 138, 138]",0,0
-0.378285772,-0.590559382,-0.509080383,-0.796820709,-0.741100512,dataset/images/maksssksksss66.png,"[59, 285, 60, 60]",0,0
-0.618249417,-0.754200281,-0.953612137,-0.796820709,-0.741100512,dataset/images/maksssksksss66.png,"[280, 284, 78, 78]",0,0
0.289273881,0.123193744,0.299468804,-0.796820709,-0.741100512,dataset/images/maksssksksss660.png,"[120, 116, 121, 121]",0,1
-0.007440393,0.668747682,0.261319801,-0.796820709,-0.741100512,dataset/images/maksssksksss663.png,"[57, 173, 112, 112]",1,1
-0.876227116,0.888925731,-0.953612137,-0.796820709,-0.741100512,dataset/images/maksssksksss664.png,"[102, 56, 72, 72]",0,0
-0.371978106,-0.134071167,-0.953612137,-0.796820709,-0.741100512,dataset/images/maksssksksss665.png,"[314, 124, 82, 82]",1,1
-0.193709952,-0.194677094,-0.306017033,-0.796820709,-0.741100512,dataset/images/maksssksksss665.png,"[172, 101, 104, 104]",1,1
-0.206499656,-0.754200281,-0.953612137,-0.796820709,-0.741100512,dataset/images/maksssksksss665.png,"[112, 78, 71, 71]",1,1
-0.877387874,-0.216814485,-0.953612137,-0.796820709,-0.741100512,dataset/images/maksssksksss665.png,"[2, 148, 87, 87]",1,1
-0.356274121,-0.754200281,-0.953612137,-0.796820709,-0.741100512,dataset/images/maksssksksss667.png,"[298, 161, 27, 27]",0,0
-0.492897204,-0.535402323,-0.506142457,-0.796820709,-0.741100512,dataset/images/maksssksksss667.png,"[282, 56, 75, 75]",1,1
-0.348313177,-0.754200281,-0.953612137,-0.796820709,-0.741100512,dataset/images/maksssksksss667.png,"[340, 71, 58, 58]",1,1
0.076515999,-0.754200281,-0.953612137,-0.796820709,-0.741100512,dataset/images/maksssksksss668.png,"[35, 236, 92, 92]",1,1
-0.175478925,-0.754200281,-0.953612137,-0.796820709,-0.741100512,dataset/images/maksssksksss672.png,"[12, 227, 50, 50]",0,0
-0.298953218,-0.754200281,-0.953612137,-0.796820709,-0.741100512,dataset/images/maksssksksss672.png,"[199, 251, 32, 32]",0,0
0.161673632,-0.468027025,-0.953612137,-0.796820709,-0.741100512,dataset/images/maksssksksss673.png,"[165, 186, 41, 41]",1,1
-0.40302483,-0.754200281,-0.953612137,-0.796820709,-0.741100512,dataset/images/maksssksksss673.png,"[280, 166, 40, 40]",0,1
-0.646513578,-0.754200281,-0.953612137,-0.796820709,-0.741100512,dataset/images/maksssksksss677.png,"[38, 105, 56, 56]",0,0
0.194505811,0.249710219,0.065118744,-0.774118131,-0.741100512,dataset/images/maksssksksss679.png,"[118, 48, 93, 93]",1,1
0.002858145,-0.270363605,-0.953612137,-0.796820709,-0.741100512,dataset/images/maksssksksss68.png,"[55, 219, 101, 101]",0,0
0.540807433,-0.308450397,0.261688272,-0.796820709,-0.741100512,dataset/images/maksssksksss68.png,"[125, 168, 108, 108]",0,1
-0.453572911,-0.754200281,-0.953612137,-0.796820709,-0.741100512,dataset/images/maksssksksss682.png,"[190, 68, 33, 33]",1,1
-0.872920092,-0.754200281,-0.953612137,-0.796820709,-0.741100512,dataset/images/maksssksksss682.png,"[245, 102, 32, 32]",0,0
-0.473820188,-0.754200281,-0.953612137,-0.796820709,-0.741100512,dataset/images/maksssksksss683.png,"[19, 28, 65, 65]",0,0
0.521039119,0.231331337,0.794871953,-0.116740551,-0.443606163,dataset/images/maksssksksss683.png,"[78, 48, 159, 159]",1,1
0.078287548,-0.754200281,-0.953612137,-0.796820709,-0.741100512,dataset/images/maksssksksss686.png,"[47, 151, 129, 129]",1,1
0.212268361,-0.660483724,-0.520821985,-0.796820709,-0.521851505,dataset/images/maksssksksss687.png,"[40, 188, 143, 143]",1,1
-0.593560957,-0.754200281,-0.953612137,-0.796820709,-0.741100512,dataset/images/maksssksksss687.png,"[187, 182, 69, 69]",0,0
0.124135882,-0.754200281,-0.953612137,-0.796820709,-0.741100512,dataset/images/maksssksksss688.png,"[185, 146, 51, 51]",0,0
-0.3382972,0.373832249,0.064232253,-0.796820709,-0.741100512,dataset/images/maksssksksss688.png,"[153, 38, 121, 121]",1,1
-0.646826219,0.065364159,-0.953612137,-0.796820709,-0.741100512,dataset/images/maksssksksss688.png,"[168, 185, 87, 87]",0,0
-0.208975692,-0.754200281,-0.953612137,-0.796820709,-0.741100512,dataset/images/maksssksksss69.png,"[83, 294, 50, 50]",0,0
-0.38478186,-0.754200281,-0.953612137,-0.796820709,-0.741100512,dataset/images/maksssksksss690.png,"[287, 98, 31, 31]",0,0
-0.55463887,-0.754200281,-0.953612137,-0.796820709,-0.741100512,dataset/images/maksssksksss691.png,"[284, 110, 48, 48]",0,0
-0.184771339,0.214359016,-0.953612137,-0.460046209,-0.741100512,dataset/images/maksssksksss692.png,"[70, 203, 100, 100]",1,1
0.165103825,-0.371091081,-0.953612137,-0.796820709,-0.741100512,dataset/images/maksssksksss693.png,"[106, 19, 86, 86]",0,0
-0.678546369,-0.276867793,-0.953612137,-0.796820709,-0.741100512,dataset/images/maksssksksss693.png,"[105, 107, 60, 60]",0,0
-0.370145119,-0.754200281,-0.953612137,-0.796820709,-0.741100512,dataset/images/maksssksksss693.png,"[117, 48, 90, 90]",0,0
-0.324876558,-0.754200281,-0.953612137,-0.796820709,-0.741100512,dataset/images/maksssksksss694.png,"[165, 141, 58, 58]",0,0
-0.152750902,-0.754200281,-0.953612137,-0.796820709,-0.741100512,dataset/images/maksssksksss694.png,"[148, 103, 32, 32]",1,1
0.063880491,-0.754200281,-0.953612137,-0.796820709,-0.741100512,dataset/images/maksssksksss694.png,"[86, 186, 30, 30]",0,0
-0.48156858,-0.754200281,-0.953612137,-0.796820709,-0.741100512,dataset/images/maksssksksss694.png,"[247, 190, 26, 26]",0,0
-0.242443581,-0.754200281,-0.953612137,-0.796820709,-0.741100512,dataset/images/maksssksksss695.png,"[166, 134, 27, 27]",0,1
-0.353195103,-0.754200281,-0.953612137,-0.796820709,-0.741100512,dataset/images/maksssksksss695.png,"[258, 44, 105, 105]",0,0
0.209564163,-0.754200281,-0.953612137,-0.796820709,-0.741100512,dataset/images/maksssksksss695.png,"[73, 127, 64, 64]",0,0
-0.002854153,-0.754200281,-0.953612137,-0.796820709,-0.741100512,dataset/images/maksssksksss695.png,"[317, 121, 30, 30]",0,1
-0.305871505,-0.754200281,-0.953612137,-0.796820709,-0.741100512,dataset/images/maksssksksss695.png,"[62, 45, 55, 55]",0,0
-0.065511022,-0.754200281,-0.953612137,-0.796820709,-0.741100512,dataset/images/maksssksksss698.png,"[26, 104, 36, 36]",0,1
-0.248086628,-0.754200281,-0.953612137,-0.796820709,-0.741100512,dataset/images/maksssksksss698.png,"[269, 48, 52, 52]",0,1
-0.629845022,-0.754200281,-0.953612137,-0.796820709,-0.741100512,dataset/images/maksssksksss698.png,"[262, 135, 66, 66]",0,0
-0.323650534,-0.754200281,-0.953612137,-0.796820709,-0.741100512,dataset/images/maksssksksss699.png,"[274, 10, 54, 54]",0,0
0.455629344,-0.754200281,-0.953612137,-0.796820709,-0.741100512,dataset/images/maksssksksss699.png,"[229, 123, 65, 65]",1,1
-0.463930288,-0.754200281,-0.953612137,-0.796820709,-0.741100512,dataset/images/maksssksksss699.png,"[14, 189, 59, 59]",0,1
0.292340056,-0.754200281,-0.953612137,-0.796820709,-0.741100512,dataset/images/maksssksksss699.png,"[15, 74, 58, 58]",0,1
0.145188316,-0.754200281,-0.953612137,-0.796820709,-0.741100512,dataset/images/maksssksksss699.png,"[335, 89, 58, 58]",0,1
-0.310279877,-0.754200281,-0.953612137,-0.796820709,-0.741100512,dataset/images/maksssksksss699.png,"[332, 106, 58, 58]",0,1
-0.152092414,-0.754200281,-0.953612137,-0.796820709,-0.741100512,dataset/images/maksssksksss700.png,"[146, 122, 37, 37]",1,1
-0.268313892,-0.754200281,-0.953612137,-0.796820709,-0.741100512,dataset/images/maksssksksss700.png,"[142, 138, 58, 58]",0,0
0.527435394,0.357544651,0.479644991,-0.734223047,0.151404017,dataset/images/maksssksksss701.png,"[82, 130, 120, 120]",0,1
-0.619388945,-0.754200281,-0.953612137,-0.796820709,-0.741100512,dataset/images/maksssksksss702.png,"[261, 162, 27, 27]",0,0
0.378280134,-0.229658714,-0.205132516,-0.796820709,-0.741100512,dataset/images/maksssksksss702.png,"[475, 67, 64, 64]",1,1
0.456889432,-0.754200281,-0.953612137,-0.796820709,-0.741100512,dataset/images/maksssksksss702.png,"[527, 86, 54, 54]",0,0
-0.123102098,-0.754200281,-0.953612137,-0.963296819,-0.741100512,dataset/images/maksssksksss702.png,"[61, 120, 119, 119]",0,0
-0.026132336,-0.029674007,-0.191121807,-0.796820709,-0.741100512,dataset/images/maksssksksss702.png,"[360, 178, 79, 79]",0,0
-0.326103196,-0.754200281,-0.953612137,-0.796820709,-0.741100512,dataset/images/maksssksksss703.png,"[173, 99, 26, 26]",1,1
-0.179028296,-0.754200281,-0.953612137,-0.796820709,-0.741100512,dataset/images/maksssksksss703.png,"[94, 162, 43, 43]",0,1
-0.508263169,-0.377254336,-0.487729284,-0.796820709,-0.741100512,dataset/images/maksssksksss704.png,"[317, 125, 79, 79]",1,1
-0.096237424,-0.387893784,-0.445020605,-0.796820709,-0.741100512,dataset/images/maksssksksss704.png,"[174, 101, 106, 106]",1,1
-0.247304556,-0.754200281,-0.953612137,-0.796820709,-0.741100512,dataset/images/maksssksksss704.png,"[110, 78, 71, 71]",1,1
-0.718542425,-0.084614156,-0.953612137,-0.796820709,-0.741100512,dataset/images/maksssksksss704.png,"[2, 146, 91, 91]",1,1
0.176534253,-0.754200281,-0.953612137,-0.796820709,-0.741100512,dataset/images/maksssksksss706.png,"[51, 180, 66, 66]",1,1
-0.139141661,-0.471769266,-0.953612137,-0.796820709,-0.741100512,dataset/images/maksssksksss708.png,"[203, 48, 81, 81]",1,1
0.026528103,-0.4361249,-0.953612137,-0.796820709,-0.741100512,dataset/images/maksssksksss708.png,"[83, 158, 51, 51]",0,0
-0.57346664,-0.217074187,-0.953612137,-0.796820709,-0.741100512,dataset/images/maksssksksss709.png,"[19, 155, 114, 114]",1,1
0.060126961,-0.754200281,-0.953612137,-0.796820709,-0.741100512,dataset/images/maksssksksss710.png,"[227, 41, 62, 62]",1,1
-0.157197137,-0.754200281,-0.953612137,-0.796820709,-0.741100512,dataset/images/maksssksksss710.png,"[131, 50, 58, 58]",1,1
0.032450078,-0.754200281,-0.953612137,-0.796820709,-0.741100512,dataset/images/maksssksksss710.png,"[15, 133, 54, 54]",0,0
-0.580501086,0.07116211,-0.073820683,-0.796820709,-0.741100512,dataset/images/maksssksksss713.png,"[225, 54, 118, 118]",1,1
-0.577183203,-0.754200281,-0.953612137,-0.796820709,-0.741100512,dataset/images/maksssksksss714.png,"[77, 135, 34, 34]",1,1
0.563490249,0.743851204,-0.956265732,-0.346643437,-0.63691514,dataset/images/maksssksksss716.png,"[82, 142, 152, 152]",0,1
0.000392958,-0.347236092,-0.523842018,-0.796820709,-0.741100512,dataset/images/maksssksksss717.png,"[287, 68, 96, 96]",1,1
-0.326405597,-0.754200281,-0.953612137,-0.796820709,-0.741100512,dataset/images/maksssksksss72.png,"[226, 132, 52, 52]",0,0
-0.30941417,-0.754200281,-0.953612137,-0.796820709,-0.741100512,dataset/images/maksssksksss72.png,"[224, 42, 35, 35]",0,0
-0.314336587,-0.754200281,-0.953612137,-0.673695039,-0.741100512,dataset/images/maksssksksss72.png,"[228, 166, 56, 56]",0,0
-0.135140259,-0.754200281,-0.953612137,-0.796820709,-0.741100512,dataset/images/maksssksksss72.png,"[222, 66, 47, 47]",0,0
0.623035047,-0.007555416,0.16127666,-0.456418994,0.208151347,dataset/images/maksssksksss72.png,"[101, 149, 118, 118]",0,1
-0.226753796,-0.233570502,-0.953612137,-0.796820709,-0.741100512,dataset/images/maksssksksss720.png,"[157, 53, 84, 84]",1,1
-0.642286437,-0.754200281,-0.953612137,-0.796820709,-0.741100512,dataset/images/maksssksksss720.png,"[65, 95, 73, 73]",1,1
-0.572635193,-0.754200281,-0.953612137,-0.796820709,-0.741100512,dataset/images/maksssksksss720.png,"[6, 155, 56, 56]",0,0
-0.658620789,-0.754200281,-0.953612137,-0.796820709,-0.741100512,dataset/images/maksssksksss724.png,"[37, 162, 26, 26]",0,0
-0.51056211,-0.460942629,-0.458972611,-0.796820709,-0.741100512,dataset/images/maksssksksss724.png,"[149, 121, 104, 104]",0,0
-0.645795667,-0.754200281,-0.953612137,-0.796820709,-0.741100512,dataset/images/maksssksksss725.png,"[231, 240, 35, 35]",0,0
-0.653412323,-0.754200281,-0.953612137,-0.796820709,-0.741100512,dataset/images/maksssksksss725.png,"[237, 294, 40, 40]",0,0
-0.843406556,-0.754200281,-0.953612137,-0.796820709,-0.741100512,dataset/images/maksssksksss725.png,"[240, 322, 42, 42]",0,0
0.542815267,0.132619701,0.475728738,-0.796820709,0.237427851,dataset/images/maksssksksss725.png,"[29, 192, 125, 125]",1,1
-0.853402208,-0.754200281,-0.953612137,-0.796820709,-0.741100512,dataset/images/maksssksksss726.png,"[328, 195, 31, 31]",0,0
0.479355246,-0.720747542,-0.953612137,-0.24562953,-0.741100512,dataset/images/maksssksksss729.png,"[87, 266, 98, 98]",0,1
-0.16181102,-0.754200281,-0.953612137,-0.796820709,-0.741100512,dataset/images/maksssksksss730.png,"[115, 171, 39, 39]",0,0
-0.348584908,0.184969917,-0.953612137,-0.796820709,-0.741100512,dataset/images/maksssksksss731.png,"[20, 143, 121, 121]",0,0
-0.435412776,-0.754200281,-0.953612137,-0.796820709,-0.741100512,dataset/images/maksssksksss732.png,"[197, 51, 25, 25]",1,1
-0.622934974,-0.754200281,-0.953612137,-0.796820709,-0.741100512,dataset/images/maksssksksss732.png,"[321, 179, 31, 31]",0,0
-0.279323772,-0.192125373,-0.953612137,-0.796820709,-0.741100512,dataset/images/maksssksksss734.png,"[77, 74, 87, 87]",0,0
-0.485527494,-0.754200281,-0.953612137,-0.796820709,-0.741100512,dataset/images/maksssksksss734.png,"[86, 31, 63, 63]",1,1
-0.264349447,-0.754200281,-0.953612137,-0.796820709,-0.741100512,dataset/images/maksssksksss738.png,"[81, 37, 46, 46]",1,1
-0.298109826,-0.754200281,-0.953612137,-0.796820709,-0.741100512,dataset/images/maksssksksss74.png,"[84, 126, 54, 54]",1,1
-0.042203065,-0.754200281,-0.953612137,-0.796820709,-0.741100512,dataset/images/maksssksksss74.png,"[349, 108, 50, 50]",0,0
-0.44969759,-0.754200281,-0.953612137,-0.796820709,-0.741100512,dataset/images/maksssksksss740.png,"[227, 134, 26, 26]",0,0
-0.128230674,-0.754200281,-0.953612137,-0.796820709,-0.741100512,dataset/images/maksssksksss741.png,"[163, 32, 25, 25]",0,0
0.445624349,0.316254581,-0.953612137,-0.796820709,-0.741100512,dataset/images/maksssksksss743.png,"[105, 150, 110, 110]",1,1
0.094084139,-0.071002555,0.313306205,-0.691825647,-0.248065088,dataset/images/maksssksksss748.png,"[169, 34, 124, 124]",1,1
-0.132223975,-0.754200281,-0.953612137,-0.796820709,-0.741100512,dataset/images/maksssksksss749.png,"[90, 95, 31, 31]",1,1
-0.246219434,-0.754200281,-0.953612137,-0.796820709,-0.741100512,dataset/images/maksssksksss749.png,"[62, 152, 74, 74]",0,0
-0.236498687,-0.754200281,-0.953612137,-0.796820709,-0.741100512,dataset/images/maksssksksss750.png,"[105, 15, 67, 67]",0,0
-0.034411119,-0.754200281,-0.953612137,-0.796820709,-0.741100512,dataset/images/maksssksksss750.png,"[241, 150, 40, 40]",0,1
-0.558491742,-0.754200281,-0.953612137,-0.796820709,-0.741100512,dataset/images/maksssksksss752.png,"[102, 21, 35, 35]",1,1
-0.554002404,-0.754200281,-0.953612137,-0.796820709,-0.741100512,dataset/images/maksssksksss753.png,"[219, 203, 55, 55]",0,0
-0.564547414,-0.754200281,-0.953612137,-0.796820709,-0.741100512,dataset/images/maksssksksss756.png,"[213, 35, 40, 40]",1,1
0.862001897,0.561129195,0.408959737,1,-0.64681672,dataset/images/maksssksksss757.png,"[83, 151, 155, 155]",0,1
-0.547232323,-0.754200281,-0.953612137,-0.796820709,-0.741100512,dataset/images/maksssksksss758.png,"[329, 191, 29, 29]",0,0
0.323858505,-0.754200281,-0.953612137,-0.2033501,-0.31969285,dataset/images/maksssksksss759.png,"[268, 76, 64, 64]",0,1
-0.265561737,-0.754200281,-0.953612137,-0.796820709,-0.741100512,dataset/images/maksssksksss760.png,"[168, 24, 45, 45]",0,1
0.546637435,-0.17233152,-0.361214918,-0.796820709,-0.741100512,dataset/images/maksssksksss762.png,"[138, 140, 142, 142]",1,1
-0.664509134,-0.754200281,-0.953612137,-0.796820709,-0.741100512,dataset/images/maksssksksss765.png,"[61, 266, 28, 28]",0,0
-0.689464568,-0.754200281,-0.953612137,-0.796820709,-0.741100512,dataset/images/maksssksksss768.png,"[78, 110, 31, 31]",0,0
-0.031196684,-0.754200281,-0.953612137,-0.796820709,-0.741100512,dataset/images/maksssksksss774.png,"[57, 22, 52, 52]",1,1
-0.069813,-0.045381743,-0.753965188,-0.796820709,-0.741100512,dataset/images/maksssksksss774.png,"[117, 70, 60, 60]",1,1
-0.054958338,-0.754200281,-0.953612137,-0.796820709,-0.741100512,dataset/images/maksssksksss774.png,"[246, 26, 56, 56]",1,1
-0.371948454,-0.754200281,-0.953612137,-0.796820709,-0.741100512,dataset/images/maksssksksss777.png,"[186, 48, 37, 37]",1,1
-0.481253628,-0.754200281,-0.953612137,-0.796820709,-0.741100512,dataset/images/maksssksksss777.png,"[137, 80, 28, 28]",0,0
-0.114832476,-0.304162056,-0.953612137,-0.796820709,-0.741100512,dataset/images/maksssksksss779.png,"[261, 35, 125, 125]",0,0
-0.685204891,-0.754200281,-0.953612137,-0.796820709,-0.741100512,dataset/images/maksssksksss779.png,"[165, 158, 36, 36]",0,0
-0.458807702,-0.754200281,-0.953612137,-0.796820709,-0.741100512,dataset/images/maksssksksss780.png,"[90, 41, 67, 67]",1,1
-0.498451653,-0.686655194,-0.369159255,-0.796820709,-0.801614358,dataset/images/maksssksksss781.png,"[72, 183, 133, 133]",1,1
-0.449186592,-0.754200281,-0.953612137,-0.796820709,-0.741100512,dataset/images/maksssksksss783.png,"[13, 21, 25, 25]",0,0
-0.725595518,-0.754200281,-0.953612137,-0.796820709,-0.741100512,dataset/images/maksssksksss783.png,"[328, 22, 26, 26]",1,1
-0.265229808,-0.294208391,-0.953612137,-0.796820709,-0.741100512,dataset/images/maksssksksss783.png,"[309, 131, 73, 73]",0,0
-0.292140971,-0.399302839,-0.953612137,-0.796820709,-0.741100512,dataset/images/maksssksksss783.png,"[174, 110, 100, 100]",0,0
0.269747281,0.147227258,-0.953612137,-0.796820709,-0.741100512,dataset/images/maksssksksss783.png,"[214, 153, 82, 82]",0,0
-0.356930002,-0.754200281,-0.953612137,-0.796820709,-0.741100512,dataset/images/maksssksksss784.png,"[13, 53, 29, 29]",0,1
-0.495544695,-0.754200281,-0.953612137,-0.796820709,-0.741100512,dataset/images/maksssksksss784.png,"[173, 52, 33, 33]",1,1
-0.28350442,-0.754200281,-0.953612137,-0.796820709,-0.741100512,dataset/images/maksssksksss784.png,"[39, 53, 36, 36]",1,1
-0.613820733,-0.754200281,-0.953612137,-0.796820709,-0.741100512,dataset/images/maksssksksss784.png,"[87, 73, 32, 32]",1,1
-0.054204838,-0.754200281,-0.953612137,-0.796820709,-0.741100512,dataset/images/maksssksksss784.png,"[7, 91, 80, 80]",0,0
-0.120589255,-0.754200281,-0.953612137,-0.796820709,-0.741100512,dataset/images/maksssksksss784.png,"[134, 76, 36, 36]",1,1
-0.517521043,-0.352549816,-0.953612137,-0.796820709,-0.741100512,dataset/images/maksssksksss785.png,"[109, 69, 117, 117]",0,1
-0.097404926,-0.369124061,-0.945897777,-0.796820709,-0.741100512,dataset/images/maksssksksss786.png,"[167, 35, 63, 63]",1,1
-0.336069813,-0.754200281,-0.953612137,-0.796820709,-0.741100512,dataset/images/maksssksksss786.png,"[143, 100, 51, 51]",0,0
-0.682913482,-0.754200281,-0.953612137,-0.796820709,-0.741100512,dataset/images/maksssksksss787.png,"[245, 76, 38, 38]",1,1
-0.128956213,-0.754200281,-0.953612137,-0.796820709,-0.741100512,dataset/images/maksssksksss787.png,"[135, 99, 72, 72]",1,1
-0.57941427,-0.409188069,-0.953612137,-0.796820709,-0.741100512,dataset/images/maksssksksss787.png,"[283, 88, 69, 69]",1,1
-0.522201418,-0.345581113,-0.953612137,-0.796820709,-0.741100512,dataset/images/maksssksksss787.png,"[15, 113, 63, 63]",1,1
-0.264135847,-0.754200281,-0.953612137,-0.796820709,-0.741100512,dataset/images/maksssksksss788.png,"[371, 122, 52, 52]",0,0
-0.15805702,-0.754200281,-0.953612137,-0.796820709,-0.741100512,dataset/images/maksssksksss79.png,"[89, 155, 97, 97]",0,0
-0.563324434,-0.754200281,-0.953612137,-0.796820709,-0.741100512,dataset/images/maksssksksss79.png,"[219, 220, 53, 53]",0,0
0.288912346,-0.602462213,-0.628039211,-0.796820709,-0.741100512,dataset/images/maksssksksss790.png,"[108, 128, 142, 142]",1,1
0.227031612,-0.754200281,-0.953612137,-0.796820709,-0.741100512,dataset/images/maksssksksss792.png,"[347, 56, 52, 52]",0,1
-0.12423491,-0.754200281,-0.953612137,-0.796820709,-0.741100512,dataset/images/maksssksksss792.png,"[29, 2, 49, 49]",0,0
0.931530446,-0.19763653,-0.953612137,-0.796820709,-0.741100512,dataset/images/maksssksksss792.png,"[187, 25, 53, 53]",0,1
-0.084257969,-0.703827892,-0.388028967,-0.796820709,-0.741100512,dataset/images/maksssksksss792.png,"[129, 61, 124, 124]",0,0
-0.046669164,-0.467677193,-0.2975166,-0.796820709,-0.741100512,dataset/images/maksssksksss792.png,"[148, 39, 57, 57]",1,1
-0.043145289,-0.754200281,-0.953612137,-0.796820709,0.287853743,dataset/images/maksssksksss793.png,"[123, 121, 136, 136]",1,1
-0.501094263,-0.754200281,-0.953612137,-0.796820709,-0.741100512,dataset/images/maksssksksss795.png,"[213, 101, 26, 26]",0,0
-0.784866633,-0.754200281,-0.953612137,-0.796820709,-0.741100512,dataset/images/maksssksksss796.png,"[17, 28, 29, 29]",0,0
-0.122848897,-0.140975502,-0.207984845,-0.796820709,-0.741100512,dataset/images/maksssksksss798.png,"[148, 210, 114, 114]",1,1
-0.371339801,-0.754200281,-0.953612137,-0.796820709,-0.741100512,dataset/images/maksssksksss799.png,"[347, 99, 35, 35]",0,0
-0.379685092,-0.754200281,-0.953612137,-0.478057708,-0.741100512,dataset/images/maksssksksss799.png,"[77, 225, 64, 64]",1,1
-0.684216052,-0.754200281,-0.953612137,-0.796820709,-0.741100512,dataset/images/maksssksksss8.png,"[97, 167, 32, 32]",0,0
-0.408447106,-0.754200281,-0.953612137,-0.796820709,-0.741100512,dataset/images/maksssksksss8.png,"[102, 101, 38, 38]",0,0
-0.788419698,-0.754200281,-0.953612137,-0.796820709,-0.741100512,dataset/images/maksssksksss8.png,"[161, 283, 55, 55]",0,0
-0.577746327,-0.754200281,-0.953612137,-0.796820709,-0.741100512,dataset/images/maksssksksss8.png,"[162, 302, 55, 55]",0,0
-0.158563444,-0.692252848,-0.953612137,-0.796820709,-0.741100512,dataset/images/maksssksksss8.png,"[165, 342, 50, 50]",0,0
-0.409686246,-0.754200281,-0.953612137,-0.796820709,-0.741100512,dataset/images/maksssksksss80.png,"[304, 42, 60, 60]",0,0
-0.295701365,-0.355471991,-0.953612137,-0.796820709,-0.741100512,dataset/images/maksssksksss800.png,"[148, 54, 60, 60]",0,0
-0.597771568,0.012855976,-0.953612137,-0.796820709,-0.741100512,dataset/images/maksssksksss800.png,"[27, 22, 46, 46]",0,0
0.226299634,-0.754200281,-0.953612137,-0.796820709,-0.741100512,dataset/images/maksssksksss801.png,"[275, 44, 57, 57]",0,0
-0.450134789,-0.754200281,-0.953612137,-0.796820709,-0.741100512,dataset/images/maksssksksss802.png,"[312, 71, 33, 33]",1,1
-0.331470298,0.518117009,-0.953612137,-0.796820709,-0.741100512,dataset/images/maksssksksss802.png,"[154, 189, 42, 42]",0,0
-0.404576647,-0.754200281,-0.953612137,-0.796820709,-0.741100512,dataset/images/maksssksksss803.png,"[128, 55, 25, 25]",0,0
-0.417597376,-0.754200281,-0.953612137,-0.796820709,-0.741100512,dataset/images/maksssksksss803.png,"[71, 45, 31, 31]",0,0
-0.839639845,-0.754200281,-0.953612137,-0.796820709,-0.741100512,dataset/images/maksssksksss805.png,"[224, 126, 57, 57]",0,0
-0.523143485,-0.754200281,-0.953612137,-0.796820709,-0.741100512,dataset/images/maksssksksss806.png,"[282, 13, 46, 46]",1,1
-0.225664237,-0.754200281,-0.953612137,-0.796820709,-0.741100512,dataset/images/maksssksksss806.png,"[251, 172, 52, 52]",0,0
0.190068586,-0.123283268,-0.047291982,-0.642034436,-0.741100512,dataset/images/maksssksksss808.png,"[93, 108, 131, 131]",1,1
-0.23216827,-0.754200281,-0.953612137,-0.796820709,-0.741100512,dataset/images/maksssksksss809.png,"[285, 34, 57, 57]",1,1
0.111477153,0.051889871,-0.953612137,-0.796820709,-0.741100512,dataset/images/maksssksksss809.png,"[21, 69, 51, 51]",0,1
0.038244432,-0.754200281,-0.953612137,-0.796820709,-0.741100512,dataset/images/maksssksksss81.png,"[29, 24, 109, 109]",1,1
-0.35763568,-0.239231192,-0.43743088,-0.796820709,-0.741100512,dataset/images/maksssksksss81.png,"[250, 50, 133, 133]",1,1
-0.393969122,-0.035005376,-0.497371577,-0.796820709,-0.741100512,dataset/images/maksssksksss81.png,"[158, 82, 87, 87]",1,1
-0.51106272,-0.754200281,-0.953612137,-0.796820709,-0.741100512,dataset/images/maksssksksss810.png,"[96, 266, 97, 97]",1,1
0.112709304,-0.754200281,-0.953612137,-0.796820709,-0.741100512,dataset/images/maksssksksss812.png,"[282, 39, 76, 76]",1,1
-0.034925325,-0.754200281,-0.953612137,-0.796820709,-0.741100512,dataset/images/maksssksksss812.png,"[61, 78, 58, 58]",1,1
-0.325268839,-0.754200281,-0.953612137,-0.796820709,-0.741100512,dataset/images/maksssksksss812.png,"[335, 245, 60, 60]",0,0
-0.241612887,-0.754200281,-0.953612137,-0.796820709,-0.741100512,dataset/images/maksssksksss814.png,"[174, 70, 51, 51]",0,0
-0.923983169,-0.754200281,-0.953612137,-0.796820709,-0.741100512,dataset/images/maksssksksss817.png,"[28, 150, 70, 70]",0,0
0.34302433,0.95361112,0.756770314,-0.028141029,-0.741100512,dataset/images/maksssksksss817.png,"[87, 116, 122, 122]",0,1
-0.110230825,-0.754200281,-0.953612137,-0.796820709,-0.741100512,dataset/images/maksssksksss818.png,"[243, 32, 34, 34]",0,0
1,0.67994017,0.320799195,-0.149078088,-0.741100512,dataset/images/maksssksksss818.png,"[101, 198, 150, 150]",0,1
-0.1606828,-0.190344861,-0.953612137,-0.796820709,-0.741100512,dataset/images/maksssksksss819.png,"[68, 50, 69, 69]",1,1
-0.413901749,-0.754200281,-0.953612137,-0.796820709,-0.741100512,dataset/images/maksssksksss82.png,"[82, 26, 66, 66]",0,0
0.563008719,-0.050985612,-0.953612137,-0.796820709,-0.741100512,dataset/images/maksssksksss822.png,"[131, 9, 59, 59]",0,0
-0.650070433,-0.754200281,-0.953612137,-0.796820709,-0.741100512,dataset/images/maksssksksss823.png,"[341, 114, 34, 34]",0,0
0.10659877,-0.754200281,-0.953612137,-0.796820709,-0.741100512,dataset/images/maksssksksss823.png,"[70, 11, 69, 69]",0,0
-0.471990562,-0.754200281,-0.953612137,-0.796820709,-0.741100512,dataset/images/maksssksksss825.png,"[99, 118, 27, 27]",0,0
-0.301741578,-0.820615721,-0.953612137,-0.796820709,-0.741100512,dataset/images/maksssksksss827.png,"[21, 116, 158, 158]",1,1
-0.076094098,-0.754200281,-0.953612137,-0.796820709,-0.741100512,dataset/images/maksssksksss829.png,"[272, 76, 35, 35]",1,1
-0.071863758,-0.754200281,-0.953612137,-0.796820709,-0.741100512,dataset/images/maksssksksss829.png,"[291, 68, 50, 50]",0,0
-0.219931156,0.091323171,-0.346564598,-0.796820709,-0.741100512,dataset/images/maksssksksss83.png,"[263, 11, 78, 78]",0,1
-0.222297455,-0.754200281,-0.953612137,-0.796820709,-0.741100512,dataset/images/maksssksksss83.png,"[125, 95, 106, 106]",1,1
-0.705504572,0.405260083,-0.730449327,-0.796820709,-0.653667724,dataset/images/maksssksksss832.png,"[63, 57, 138, 138]",1,1
0.397935253,-0.027881381,-0.52358473,-0.796820709,-0.741100512,dataset/images/maksssksksss833.png,"[135, 33, 98, 98]",1,1
-0.08154768,0.360899344,-0.965205469,-0.796820709,-1,dataset/images/maksssksksss836.png,"[80, 41, 102, 102]",1,1
0.085650402,0.781630341,0.536482391,-0.65354524,-0.741100512,dataset/images/maksssksksss837.png,"[76, 119, 133, 133]",0,1
-0.077158263,0.271312078,0.078581193,-0.796820709,-0.554165963,dataset/images/maksssksksss838.png,"[128, 131, 173, 173]",1,1
-0.539022159,-0.754200281,-0.953612137,-0.796820709,-0.741100512,dataset/images/maksssksksss841.png,"[142, 79, 42, 42]",0,0
0.403132257,0.170942674,-0.953612137,-0.796820709,-0.741100512,dataset/images/maksssksksss841.png,"[113, 164, 108, 108]",0,1
-0.785121529,-0.754200281,-0.953612137,-0.796820709,-0.741100512,dataset/images/maksssksksss841.png,"[104, 275, 62, 62]",0,0
-0.265172514,-0.754200281,-0.953612137,-0.796820709,-0.741100512,dataset/images/maksssksksss842.png,"[284, 56, 60, 60]",0,0
-0.268047078,-0.677961989,-0.953612137,-0.796820709,-0.741100512,dataset/images/maksssksksss843.png,"[255, 108, 81, 81]",0,0
-0.909794,0.321945922,0.198408838,-0.796820709,-0.741100512,dataset/images/maksssksksss843.png,"[91, 167, 162, 162]",0,0
-0.24821991,-0.754200281,-0.953612137,-0.796820709,-0.741100512,dataset/images/maksssksksss844.png,"[157, 80, 68, 68]",0,0
0.328430078,0.336002355,-0.879409962,-0.501576132,-0.741100512,dataset/images/maksssksksss86.png,"[328, 126, 67, 67]",0,1
0.032067435,0.84011776,0.210207695,-0.11210122,-0.741100512,dataset/images/maksssksksss88.png,"[16, 142, 164, 164]",1,1
-0.386841936,-0.754200281,-0.953612137,-0.796820709,-0.741100512,dataset/images/maksssksksss95.png,"[26, 6, 56, 56]",0,0
-0.737604492,-0.754200281,-0.953612137,-0.796820709,-0.741100512,dataset/images/maksssksksss95.png,"[138, 218, 55, 55]",0,0
-0.843761387,-0.754200281,-0.953612137,-0.796820709,-0.741100512,dataset/images/maksssksksss95.png,"[64, 195, 50, 50]",0,0
0.139435686,0.916664025,-0.118175026,-0.796820709,-0.741100512,dataset/images/maksssksksss95.png,"[63, 272, 108, 108]",0,1
-0.167456997,-0.754200281,-0.953612137,-0.796820709,-0.741100512,dataset/images/maksssksksss96.png,"[241, 80, 42, 42]",0,1
-0.037077552,-0.754200281,-0.953612137,-0.796820709,-0.530259528,dataset/images/maksssksksss96.png,"[61, 143, 55, 55]",0,1
-0.347207417,-0.754200281,-0.953612137,-0.796820709,-0.741100512,dataset/images/maksssksksss96.png,"[291, 147, 44, 44]",1,1
